ticker,entry_date,entry_price,exit_date,exit_price,qty,cost,proceeds,pnl
HINDUNILVR.NS,2023-03-31,2376.81,2023-04-28,2325.8,21,49913.01,48841.8,-1071.2099999999991
ZEEL.NS,2023-03-31,198.07,2023-04-28,191.16,252,49913.64,48172.32,-1741.3199999999997
HDFCBANK.NS,2023-04-28,801.39,2023-05-31,783.98,25,20034.75,19599.5,-435.25
BRITANNIA.NS,2023-04-28,4359.25,2023-07-31,4671.14,4,17437.0,18684.56,1247.5600000000013
HCLTECH.NS,2023-05-31,1026.0,2023-07-31,1028.76,1,1026.0,1028.76,2.759999999999991
KOTAKBANK.NS,2023-04-28,1894.64,2023-07-31,1850.86,10,18946.4,18508.6,-437.8000000000029
LTIM.NS,2023-03-31,4459.93,2023-07-31,4751.66,11,49059.23,52268.259999999995,3209.0299999999916
VBL.NS,2023-05-31,326.06,2023-07-31,319.83,5,1630.3,1599.1499999999999,-31.15000000000009
RELIANCE.NS,2023-05-31,1111.42,2023-08-31,1194.66,1,1111.42,1194.66,83.24000000000001
SBIN.NS,2023-07-31,587.51,2023-08-31,541.22,8,4700.08,4329.76,-370.3199999999997
BPCL.NS,2023-04-28,152.4,2023-08-31,149.1,135,20574.0,20128.5,-445.5
DIVISLAB.NS,2023-07-31,3541.14,2023-08-31,3554.0,1,3541.14,3554.0,12.860000000000127
HDFCBANK.NS,2023-06-30,816.63,2023-08-31,764.8,1,816.63,764.8,-51.83000000000004
ICICIBANK.NS,2023-07-31,958.79,2023-09-29,936.55,5,4793.95,4682.75,-111.19999999999982
ASIANPAINT.NS,2023-04-28,2773.74,2023-09-29,3086.62,7,19416.18,21606.34,2190.16
CIPLA.NS,2023-08-31,1210.71,2023-09-29,1163.75,1,1210.71,1163.75,-46.960000000000036
DRREDDY.NS,2023-07-31,1092.69,2023-09-29,1103.82,4,4370.76,4415.28,44.51999999999953
JSWSTEEL.NS,2023-07-31,789.34,2023-09-29,771.46,6,4736.04,4628.76,-107.27999999999975
WIPRO.NS,2023-05-31,190.87,2023-09-29,194.81,9,1717.83,1753.29,35.460000000000036
ITC.NS,2023-05-31,393.42,2023-10-31,385.65,4,1573.68,1542.6,-31.080000000000155
ADANIPORTS.NS,2023-07-31,755.88,2023-10-31,777.61,6,4535.28,4665.66,130.3800000000001
EICHERMOT.NS,2023-04-28,3123.7,2023-10-31,3217.71,6,18742.199999999997,19306.260000000002,564.060000000005
GAIL.NS,2023-08-31,104.54,2023-10-31,111.02,20,2090.8,2220.4,129.5999999999999
INFY.NS,2023-08-31,1317.31,2023-10-31,1288.33,1,1317.31,1288.33,-28.980000000000018
M&M.NS,2023-08-31,1524.77,2023-10-31,1436.46,1,1524.77,1436.46,-88.30999999999995
POLICYBZR.NS,2023-08-31,751.89,2023-10-31,700.7,2,1503.78,1401.4,-102.37999999999988
SUNPHARMA.NS,2023-07-31,1104.61,2023-10-31,1069.03,4,4418.44,4276.12,-142.3199999999997
TECHM.NS,2023-05-31,994.55,2023-10-31,1060.2,1,994.55,1060.2,65.65000000000009
TATASTEEL.NS,2023-08-31,115.8,2023-10-31,113.75,18,2084.4,2047.5,-36.90000000000009
VBL.NS,2023-09-29,367.79,2023-10-31,361.88,9,3310.11,3256.92,-53.190000000000055
DIVISLAB.NS,2023-11-30,3680.64,2024-01-31,3631.67,1,3680.64,3631.67,-48.9699999999998
HDFCBANK.NS,2023-11-30,750.26,2024-01-31,711.8,5,3751.3,3559.0,-192.30000000000018
HINDUNILVR.NS,2023-11-30,2418.48,2024-01-31,2385.31,1,2418.48,2385.31,-33.17000000000007
JSWSTEEL.NS,2023-11-30,780.31,2024-01-31,810.11,5,3901.5499999999997,4050.55,149.00000000000045
NESTLEIND.NS,2023-10-31,1157.68,2024-01-31,1230.99,3,3473.04,3692.9700000000003,219.9300000000003
ZEEL.NS,2023-07-31,225.14,2024-01-31,168.18,23,5178.219999999999,3868.1400000000003,-1310.079999999999
EICHERMOT.NS,2023-11-30,3719.08,2024-02-29,3702.83,1,3719.08,3702.83,-16.25
TECHM.NS,2023-11-30,1132.35,2024-02-29,1204.69,3,3397.0499999999997,3614.07,217.02000000000044
HCLTECH.NS,2023-11-30,1228.53,2024-03-28,1446.67,3,3685.59,4340.01,654.4200000000001
TATACONSUM.NS,2023-05-31,777.09,2024-03-28,1080.68,2,1554.18,2161.36,607.1800000000001
SBILIFE.NS,2023-11-30,1400.06,2024-04-30,1433.82,2,2800.12,2867.64,67.51999999999998
SUNPHARMA.NS,2023-11-30,1187.35,2024-04-30,1483.5,3,3562.0499999999997,4450.5,888.4500000000003
TITAN.NS,2023-03-31,2447.69,2024-04-30,3566.81,20,48953.8,71336.2,22382.399999999994
ITC.NS,2024-04-30,391.71,2024-05-31,389.76,11,4308.8099999999995,4287.36,-21.449999999999818
BAJAJFINSV.NS,2023-11-30,1640.24,2024-05-31,1526.89,2,3280.48,3053.78,-226.69999999999982
GRASIM.NS,2024-04-30,2340.6,2024-05-31,2299.02,1,2340.6,2299.02,-41.57999999999993
ONGC.NS,2024-03-28,238.74,2024-05-31,243.75,5,1193.7,1218.75,25.049999999999955
VBL.NS,2024-04-30,575.28,2024-05-31,568.62,8,4602.24,4548.96,-53.279999999999745
BPCL.NS,2024-01-31,222.68,2024-06-28,278.73,4,890.72,1114.92,224.20000000000005
POLICYBZR.NS,2024-06-28,1345.53,2024-09-30,1619.95,1,1345.53,1619.95,274.4200000000001
BHARTIARTL.NS,2024-06-28,1385.82,2024-10-31,1599.23,1,1385.82,1599.23,213.41000000000008
ADANIPORTS.NS,2024-06-28,1438.22,2024-10-31,1369.29,1,1438.22,1369.29,-68.93000000000006
BAJAJ-AUTO.NS,2023-07-31,4683.75,2024-10-31,9593.17,1,4683.75,9593.17,4909.42
BPCL.NS,2024-09-30,340.48,2024-10-31,294.09,1,340.48,294.09,-46.39000000000004
COALINDIA.NS,2024-07-31,450.53,2024-10-31,406.73,1,450.53,406.73,-43.799999999999955
COLPAL.NS,2024-04-30,2639.46,2024-10-31,2973.72,1,2639.46,2973.72,334.25999999999976
DRREDDY.NS,2024-06-28,1242.27,2024-10-31,1266.17,1,1242.27,1266.17,23.90000000000009
GAIL.NS,2024-09-30,224.3,2024-10-31,191.6,2,448.6,383.2,-65.40000000000003
HCLTECH.NS,2024-06-28,1361.07,2024-10-31,1701.36,1,1361.07,1701.36,340.28999999999996
HEROMOTOCO.NS,2023-11-30,3483.57,2024-10-31,4794.92,1,3483.57,4794.92,1311.35
INFY.NS,2024-06-28,1481.58,2024-10-31,1706.74,1,1481.58,1706.74,225.16000000000008
JSWSTEEL.NS,2024-06-28,902.87,2024-10-31,961.06,1,902.87,961.06,58.18999999999994
M&M.NS,2024-04-30,2065.17,2024-10-31,2706.8,2,4130.34,5413.6,1283.2600000000002
NTPC.NS,2024-09-30,418.97,2024-10-31,397.56,1,418.97,397.56,-21.410000000000025
POWERGRID.NS,2024-09-30,329.71,2024-10-31,306.11,1,329.71,306.11,-23.599999999999966
SBILIFE.NS,2024-06-28,1456.5,2024-10-31,1619.07,1,1456.5,1619.07,162.56999999999994
TECHM.NS,2024-06-28,1322.36,2024-10-31,1563.42,1,1322.36,1563.42,241.06000000000017
TATASTEEL.NS,2024-09-30,161.1,2024-10-31,145.17,3,483.29999999999995,435.51,-47.789999999999964
ZEEL.NS,2024-09-30,129.61,2024-10-31,118.68,3,388.83000000000004,356.04,-32.79000000000002
ICICIBANK.NS,2024-11-29,1266.54,2024-12-31,1271.84,1,1266.54,1271.84,5.2999999999999545
SBIN.NS,2024-11-29,800.33,2024-12-31,779.3,2,1600.66,1558.6,-42.06000000000017
LT.NS,2023-11-30,3018.71,2024-12-31,3574.31,1,3018.71,3574.31,555.5999999999999
POWERGRID.NS,2024-11-29,309.8,2024-12-31,298.79,6,1858.8000000000002,1792.7400000000002,-66.05999999999995
ZEEL.NS,2024-11-29,122.1,2024-12-31,118.8,16,1953.6,1900.8,-52.799999999999955
DIVISLAB.NS,2024-04-30,3870.43,2025-01-31,5552.42,1,3870.43,5552.42,1681.9900000000002
DRREDDY.NS,2024-12-31,1347.86,2025-01-31,1209.68,1,1347.86,1209.68,-138.17999999999984
POLICYBZR.NS,2024-11-29,1810.2,2025-01-31,1726.8,1,1810.2,1726.8,-83.40000000000009
VBL.NS,2024-11-29,595.53,2025-01-31,535.22,3,1786.59,1605.66,-180.92999999999984
ITC.NS,2024-12-31,441.79,2025-02-28,387.85,4,1767.16,1551.4,-215.76
CIPLA.NS,2024-12-31,1482.91,2025-02-28,1392.62,1,1482.91,1392.62,-90.29000000000019
TECHM.NS,2024-11-29,1625.42,2025-02-28,1446.01,1,1625.42,1446.01,-179.41000000000008
TATACONSUM.NS,2025-01-31,989.46,2025-02-28,956.61,2,1978.92,1913.22,-65.70000000000005
ULTRACEMCO.NS,2023-03-31,7363.01,2025-02-28,10064.65,6,44178.06,60387.899999999994,16209.839999999997
WIPRO.NS,2025-01-31,296.23,2025-02-28,272.29,6,1777.38,1633.7400000000002,-143.63999999999987
ASIANPAINT.NS,2025-03-28,2277.75,2025-05-30,2234.96,1,2277.75,2234.96,-42.789999999999964
EICHERMOT.NS,2024-04-30,4378.95,2025-05-30,5265.23,1,4378.95,5265.23,886.2799999999997
GRASIM.NS,2025-03-28,2551.23,2025-05-30,2536.57,1,2551.23,2536.57,-14.659999999999854
JSWSTEEL.NS,2025-03-28,1040.75,2025-05-30,990.83,4,4163.0,3963.32,-199.67999999999984
KOTAKBANK.NS,2025-03-28,2125.77,2025-05-30,2072.31,2,4251.54,4144.62,-106.92000000000007
NTPC.NS,2025-03-28,342.17,2025-05-30,327.77,13,4448.21,4261.01,-187.19999999999982
ONGC.NS,2025-03-28,232.89,2025-05-30,232.45,19,4424.91,4416.55,-8.359999999999673
POWERGRID.NS,2025-03-28,277.15,2025-05-30,283.73,16,4434.4,4539.68,105.28000000000065
SUNPHARMA.NS,2025-03-28,1694.66,2025-05-30,1672.1,2,3389.32,3344.2,-45.120000000000346
RELIANCE.NS,2025-03-28,1250.22,2025-07-31,1384.67,3,3750.66,4154.01,403.35000000000036
SBIN.NS,2025-06-30,808.52,2025-07-31,796.55,1,808.52,796.55,-11.970000000000027
ADANIPORTS.NS,2025-05-30,1397.29,2025-07-31,1373.1,1,1397.29,1373.1,-24.190000000000055
BAJAJFINSV.NS,2025-03-28,1960.58,2025-07-31,1948.0,2,3921.16,3896.0,-25.159999999999854
COALINDIA.NS,2025-03-28,368.47,2025-07-31,356.28,12,4421.64,4275.36,-146.28000000000065
GAIL.NS,2025-03-28,176.08,2025-07-31,176.66,25,4402.0,4416.5,14.5
INFY.NS,2025-05-30,1509.02,2025-07-31,1486.25,1,1509.02,1486.25,-22.769999999999982
NESTLEIND.NS,2025-03-28,1098.19,2025-07-31,1123.85,4,4392.76,4495.4,102.63999999999942
POWERGRID.NS,2025-06-30,287.98,2025-07-31,284.95,3,863.94,854.8499999999999,-9.090000000000146
TATACONSUM.NS,2025-03-28,974.27,2025-07-31,1073.2,4,3897.08,4292.8,395.72000000000025
WIPRO.NS,2025-06-30,255.54,2025-07-31,248.3,4,1022.16,993.2,-28.959999999999923
ZEEL.NS,2025-06-30,136.78,2025-07-31,115.76,8,1094.24,926.08,-168.15999999999997
ICICIBANK.NS,2025-07-31,1451.77,2025-08-29,1397.8,1,1451.77,1397.8,-53.97000000000003
BPCL.NS,2025-06-30,310.62,2025-08-29,301.92,3,931.86,905.76,-26.100000000000023
HDFCBANK.NS,2025-07-31,995.94,2025-08-29,951.6,2,1991.88,1903.2,-88.68000000000006
JSWSTEEL.NS,2025-07-31,1027.69,2025-08-29,1026.6,2,2055.38,2053.2,-2.180000000000291
POLICYBZR.NS,2025-05-30,1695.96,2025-08-29,1770.8,1,1695.96,1770.8,74.83999999999992
SBILIFE.NS,2025-07-31,1808.03,2025-08-29,1805.5,1,1808.03,1805.5,-2.5299999999999727
BHARTIARTL.NS,2025-05-30,1810.12,2025-09-30,1878.4,1,1810.12,1878.4,68.2800000000002
CIPLA.NS,2025-08-29,1562.27,2025-09-30,1503.3,1,1562.27,1503.3,-58.97000000000003
DRREDDY.NS,2025-05-30,1220.04,2025-09-30,1223.7,1,1220.04,1223.7,3.660000000000082
VBL.NS,2025-07-31,508.88,2025-09-30,443.7,4,2035.52,1774.8,-260.72
GAIL.NS,2025-10-31,178.82,2025-11-28,176.09,10,1788.1999999999998,1760.9,-27.299999999999727
NTPC.NS,2025-09-30,332.43,2025-11-28,326.45,7,2327.01,2285.15,-41.86000000000013
TATASTEEL.NS,2025-10-31,179.33,2025-11-28,167.96,10,1793.3000000000002,1679.6000000000001,-113.70000000000005
RELIANCE.NS,2025-10-31,1463.04,2026-01-12,1483.2,1,1463.04,1483.2,20.160000000000082
ITC.NS,2025-10-31,414.84,2026-01-12,338.4,4,1659.36,1353.6,-305.76
BPCL.NS,2025-12-31,376.33,2026-01-12,358.75,2,752.66,717.5,-35.15999999999997
DRREDDY.NS,2025-11-28,1240.19,2026-01-12,1215.5,1,1240.19,1215.5,-24.690000000000055
HDFCBANK.NS,2025-11-28,993.31,2026-01-12,936.95,1,993.31,936.95,-56.3599999999999
POLICYBZR.NS,2025-10-31,1729.39,2026-01-12,1675.5,1,1729.39,1675.5,-53.8900000000001
