ticker,entry_date,entry_price,exit_date,exit_price,qty,cost,proceeds,pnl,reason,target,stop_loss
ASIANPAINT.NS,2023-03-17,2719.35,2023-03-31,2678.78,18,48948.299999999996,48218.04,-730.2599999999948,STOP_LOSS,2891.55,2690.65
BPCL.NS,2023-03-17,148.97,2023-04-06,143.75,335,49904.95,48156.25,-1748.699999999997,STOP_LOSS,158.51,147.38
POLICYBZR.NS,2023-03-24,554.27,2023-04-06,593.5,45,24942.149999999998,26707.5,1765.3500000000022,STOP_LOSS,689.73,600.78
NTPC.NS,2023-03-17,161.22,2023-04-21,157.67,310,49978.2,48877.7,-1100.5,STOP_LOSS,170.78,159.63
TECHM.NS,2023-03-17,999.25,2023-04-21,910.59,50,49962.5,45529.5,-4433.0,STOP_LOSS,1084.45,985.05
ULTRACEMCO.NS,2023-03-17,7050.99,2023-04-21,7235.97,7,49356.93,50651.79,1294.8600000000006,STOP_LOSS,7822.81,7386.7
LTIM.NS,2023-03-31,4459.93,2023-04-21,4019.8,5,22299.65,20099.0,-2200.6500000000015,STOP_LOSS,4842.41,4418.87
ZEEL.NS,2023-03-31,198.07,2023-04-21,190.39,121,23966.469999999998,23037.19,-929.2799999999988,STOP_LOSS,222.53,193.99
TATACONSUM.NS,2023-04-06,701.75,2023-04-21,683.06,26,18245.5,17759.559999999998,-485.9400000000023,STOP_LOSS,733.75,696.42
HINDUNILVR.NS,2023-03-31,2376.81,2023-04-28,2325.8,10,23768.1,23258.0,-510.09999999999854,STOP_LOSS,2525.26,2355.02
HDFCBANK.NS,2023-04-06,789.49,2023-05-05,782.21,23,18158.27,17990.83,-167.4399999999987,STOP_LOSS,836.17,797.99
SUNPHARMA.NS,2023-04-06,974.42,2023-05-05,949.64,18,17539.559999999998,17093.52,-446.03999999999724,STOP_LOSS,1022.35,966.43
LT.NS,2023-03-17,2086.24,2023-05-12,2158.85,23,47983.52,49653.549999999996,1670.0299999999988,STOP_LOSS,2398.11,2245.44
DRREDDY.NS,2023-03-24,861.87,2023-05-12,875.52,29,24994.23,25390.079999999998,395.84999999999854,STOP_LOSS,1001.72,939.96
JSWSTEEL.NS,2023-04-13,696.52,2023-05-12,692.4,18,12537.36,12463.199999999999,-74.16000000000167,STOP_LOSS,751.24,701.21
POWERGRID.NS,2023-03-17,151.0,2023-05-19,156.97,331,49981.0,51957.07,1976.0699999999997,STOP_LOSS,168.51,157.78
TITAN.NS,2023-03-17,2386.26,2023-05-19,2676.09,20,47725.200000000004,53521.8,5796.5999999999985,STOP_LOSS,2831.88,2683.27
DIVISLAB.NS,2023-04-13,3061.35,2023-05-19,3040.89,4,12245.4,12163.56,-81.84000000000015,STOP_LOSS,3406.06,3139.3
SBILIFE.NS,2023-04-13,1104.37,2023-05-19,1149.89,11,12148.07,12648.79,500.72000000000116,STOP_LOSS,1221.29,1153.7
BRITANNIA.NS,2023-04-28,4359.25,2023-05-19,4384.57,3,13077.75,13153.71,75.95999999999913,STOP_LOSS,4671.28,4384.65
TATASTEEL.NS,2023-05-05,99.04,2023-05-19,97.08,144,14261.76,13979.52,-282.2399999999998,STOP_LOSS,104.27,98.17
GRASIM.NS,2023-03-31,1571.09,2023-05-26,1659.98,15,23566.35,24899.7,1333.3500000000022,STOP_LOSS,1781.01,1679.68
COALINDIA.NS,2023-04-06,179.79,2023-06-02,191.09,102,18338.579999999998,19491.18,1152.6000000000022,STOP_LOSS,206.31,195.02
POLICYBZR.NS,2023-04-06,568.91,2023-06-02,594.05,32,18205.12,19009.6,804.4799999999996,STOP_LOSS,666.87,601.82
RELIANCE.NS,2023-04-13,1057.58,2023-06-02,1120.79,12,12690.96,13449.48,758.5200000000004,STOP_LOSS,1166.92,1121.5
ONGC.NS,2023-04-13,136.26,2023-06-02,136.12,95,12944.699999999999,12931.4,-13.299999999999272,STOP_LOSS,150.9,141.66
VBL.NS,2023-03-24,259.67,2023-06-09,316.37,97,25187.99,30687.89,5499.899999999998,STOP_LOSS,362.66,320.12
KOTAKBANK.NS,2023-04-06,1726.14,2023-06-09,1866.26,10,17261.4,18662.6,1401.199999999997,STOP_LOSS,2022.96,1903.31
EICHERMOT.NS,2023-04-13,3037.73,2023-06-09,3458.54,4,12150.92,13834.16,1683.2399999999998,STOP_LOSS,3701.29,3476.06
TCS.NS,2023-05-12,3030.25,2023-06-09,3005.15,5,15151.25,15025.75,-125.5,STOP_LOSS,3203.52,3052.36
HINDUNILVR.NS,2023-05-12,2446.73,2023-06-09,2495.13,6,14680.380000000001,14970.78,290.39999999999964,STOP_LOSS,2646.92,2514.63
LTIM.NS,2023-05-12,4420.87,2023-06-09,4648.38,3,13262.61,13945.14,682.5299999999988,STOP_LOSS,5035.69,4658.21
TECHM.NS,2023-05-26,996.09,2023-06-09,969.21,21,20917.89,20353.41,-564.4799999999996,STOP_LOSS,1068.42,990.61
ICICIBANK.NS,2023-03-31,838.97,2023-06-16,911.63,28,23491.16,25525.64,2034.4799999999996,STOP_LOSS,956.33,912.43
SBIN.NS,2023-04-21,505.09,2023-06-16,550.77,35,17678.149999999998,19276.95,1598.800000000003,STOP_LOSS,583.3,553.28
WIPRO.NS,2023-04-28,181.08,2023-06-16,182.94,85,15391.800000000001,15549.9,158.09999999999854,STOP_LOSS,200.0,190.0
BAJAJ-AUTO.NS,2023-03-17,3504.12,2023-06-23,4339.25,14,49057.68,60749.5,11691.82,STOP_LOSS,4581.24,4356.2
MARUTI.NS,2023-04-13,8280.32,2023-06-23,9055.87,1,8280.32,9055.87,775.5500000000011,STOP_LOSS,9626.74,9138.28
BPCL.NS,2023-04-21,147.07,2023-06-23,155.7,121,17795.469999999998,18839.699999999997,1044.2299999999996,STOP_LOSS,169.27,158.56
HEROMOTOCO.NS,2023-04-21,2230.67,2023-06-23,2563.02,8,17845.36,20504.16,2658.7999999999993,STOP_LOSS,2793.08,2589.02
ULTRACEMCO.NS,2023-05-05,7367.76,2023-06-23,7945.65,1,7367.76,7945.65,577.8899999999994,STOP_LOSS,8432.26,8016.17
JSWSTEEL.NS,2023-06-09,723.2,2023-06-23,735.61,32,23142.4,23539.52,397.119999999999,STOP_LOSS,796.12,741.27
RELIANCE.NS,2023-06-16,1162.31,2023-06-23,1147.97,17,19759.27,19515.49,-243.77999999999884,STOP_LOSS,1205.11,1155.18
GRASIM.NS,2023-06-16,1720.26,2023-06-23,1687.32,11,18922.86,18560.52,-362.34000000000015,STOP_LOSS,1812.13,1704.95
TATACONSUM.NS,2023-04-28,732.55,2023-07-07,821.46,21,15383.55,17250.66,1867.1100000000006,STOP_LOSS,884.28,825.23
HCLTECH.NS,2023-05-12,985.49,2023-07-07,1057.32,17,16753.33,17974.44,1221.109999999997,STOP_LOSS,1118.66,1059.83
HDFCBANK.NS,2023-05-19,787.12,2023-07-07,808.09,26,20465.12,21010.34,545.2200000000012,STOP_LOSS,850.87,810.93
EICHERMOT.NS,2023-06-30,3390.82,2023-07-07,3075.63,6,20344.920000000002,18453.78,-1891.140000000003,STOP_LOSS,3590.51,3357.54
TITAN.NS,2023-06-02,2789.5,2023-07-14,3036.45,8,22316.0,24291.6,1975.5999999999985,STOP_LOSS,3209.94,3042.49
POWERGRID.NS,2023-06-09,161.94,2023-07-14,161.24,143,23157.42,23057.32,-100.09999999999854,STOP_LOSS,179.86,165.37
LTIM.NS,2023-06-16,4737.67,2023-07-21,4781.87,4,18950.68,19127.48,176.79999999999927,STOP_LOSS,5245.8,4831.37
TCS.NS,2023-06-30,3075.5,2023-07-21,3185.76,7,21528.5,22300.32,771.8199999999997,STOP_LOSS,3427.6,3231.52
INFY.NS,2023-06-30,1223.91,2023-07-21,1237.66,18,22030.38,22277.88,247.5,STOP_LOSS,1371.64,1290.64
HINDUNILVR.NS,2023-07-07,2536.4,2023-07-21,2484.78,7,17754.8,17393.460000000003,-361.3399999999965,STOP_LOSS,2650.93,2517.31
ULTRACEMCO.NS,2023-07-07,8071.91,2023-07-21,7984.0,2,16143.82,15968.0,-175.8199999999997,STOP_LOSS,8449.09,8009.05
ITC.NS,2023-03-31,331.45,2023-07-28,421.71,72,23864.399999999998,30363.12,6498.720000000001,STOP_LOSS,457.05,429.86
NESTLEIND.NS,2023-03-31,939.83,2023-07-28,1097.92,25,23495.75,27448.0,3952.25,STOP_LOSS,1164.69,1104.0
ASIANPAINT.NS,2023-04-21,2752.35,2023-07-28,3310.86,6,16514.1,19865.16,3351.0600000000013,STOP_LOSS,3539.47,3356.41
M&M.NS,2023-05-12,1224.6,2023-07-28,1445.52,13,15919.8,18791.76,2871.959999999999,STOP_LOSS,1596.66,1467.88
BRITANNIA.NS,2023-06-02,4450.44,2023-07-28,4777.74,5,22252.199999999997,23888.699999999997,1636.5,STOP_LOSS,5187.56,4862.3
POLICYBZR.NS,2023-06-09,595.08,2023-07-28,716.05,39,23208.120000000003,27925.949999999997,4717.8299999999945,STOP_LOSS,804.31,716.79
TECHM.NS,2023-06-23,998.82,2023-07-28,1020.81,25,24970.5,25520.25,549.75,STOP_LOSS,1178.15,1073.17
BPCL.NS,2023-07-07,165.97,2023-07-28,161.7,116,19252.52,18757.199999999997,-495.32000000000335,STOP_LOSS,176.81,164.16
KOTAKBANK.NS,2023-07-21,1933.08,2023-07-28,1871.1,8,15464.64,14968.8,-495.84000000000015,STOP_LOSS,2026.32,1917.54
BAJAJFINSV.NS,2023-04-13,1308.0,2023-08-04,1484.64,9,11772.0,13361.76,1589.7600000000002,STOP_LOSS,1698.95,1580.08
SBILIFE.NS,2023-06-02,1175.25,2023-08-04,1263.22,19,22329.75,24001.18,1671.4300000000003,STOP_LOSS,1362.97,1279.78
MARUTI.NS,2023-06-30,9361.68,2023-08-04,9281.33,2,18723.36,18562.66,-160.70000000000073,STOP_LOSS,9891.54,9317.64
HEROMOTOCO.NS,2023-06-30,2627.25,2023-08-04,2748.97,8,21018.0,21991.76,973.7599999999984,STOP_LOSS,3072.4,2878.55
ICICIBANK.NS,2023-07-07,910.8,2023-08-04,947.05,21,19126.8,19888.05,761.25,STOP_LOSS,1002.91,949.05
SBIN.NS,2023-07-07,564.73,2023-08-04,552.75,34,19200.82,18793.5,-407.3199999999997,STOP_LOSS,615.16,578.06
POWERGRID.NS,2023-07-28,169.58,2023-08-04,166.14,143,24249.940000000002,23758.019999999997,-491.92000000000553,STOP_LOSS,181.11,167.66
COLPAL.NS,2023-03-31,1390.99,2023-08-11,1860.85,17,23646.83,31634.449999999997,7987.619999999995,STOP_LOSS,2028.06,1879.12
BHARTIARTL.NS,2023-04-28,771.5,2023-08-11,858.55,20,15430.0,17171.0,1741.0,STOP_LOSS,905.02,859.0
BAJAJ-AUTO.NS,2023-06-30,4465.42,2023-08-11,4449.21,5,22327.1,22246.05,-81.04999999999927,STOP_LOSS,4908.33,4545.98
HDFCBANK.NS,2023-07-07,793.41,2023-08-11,787.85,24,19041.84,18908.4,-133.4399999999987,STOP_LOSS,843.66,794.49
POLICYBZR.NS,2023-08-04,747.57,2023-08-11,727.45,38,28407.660000000003,27643.100000000002,-764.5600000000013,STOP_LOSS,847.86,730.86
GAIL.NS,2023-03-17,96.01,2023-08-18,104.61,520,49925.200000000004,54397.2,4471.999999999993,STOP_LOSS,113.69,105.77
TATASTEEL.NS,2023-06-02,98.72,2023-08-18,110.93,227,22409.44,25181.11,2771.670000000002,STOP_LOSS,119.85,112.28
JSWSTEEL.NS,2023-06-30,757.36,2023-08-18,778.88,30,22720.8,23366.4,645.6000000000022,STOP_LOSS,838.19,785.98
RELIANCE.NS,2023-06-23,1134.12,2023-08-25,1225.11,22,24950.64,26952.42,2001.7799999999988,STOP_LOSS,1308.64,1231.47
TATACONSUM.NS,2023-07-21,824.87,2023-08-25,820.77,20,16497.4,16415.4,-82.0,STOP_LOSS,872.61,821.76
ULTRACEMCO.NS,2023-07-28,8053.51,2023-08-25,7973.33,3,24160.53,23919.989999999998,-240.54000000000087,STOP_LOSS,8510.28,7977.38
DIVISLAB.NS,2023-05-26,3334.12,2023-09-01,3551.23,6,20004.72,21307.38,1302.6599999999999,STOP_LOSS,3834.79,3556.9
DRREDDY.NS,2023-06-16,950.47,2023-09-01,1102.15,21,19959.87,23145.15,3185.2800000000025,STOP_LOSS,1200.47,1130.72
CIPLA.NS,2023-05-05,884.9,2023-09-22,1163.5,16,14158.4,18616.0,4457.6,STOP_LOSS,1306.88,1166.36
WIPRO.NS,2023-07-07,187.74,2023-09-22,200.79,103,19337.22,20681.37,1344.1499999999978,STOP_LOSS,219.45,205.73
SBILIFE.NS,2023-08-11,1275.73,2023-09-22,1313.98,21,26790.33,27593.58,803.25,STOP_LOSS,1414.71,1332.24
ICICIBANK.NS,2023-08-25,941.92,2023-09-22,934.97,32,30141.44,29919.04,-222.39999999999782,STOP_LOSS,1003.47,956.17
POLICYBZR.NS,2023-08-25,722.12,2023-09-22,750.2,42,30329.04,31508.4,1179.3600000000006,STOP_LOSS,845.1,764.86
GAIL.NS,2023-09-01,110.15,2023-09-22,113.02,273,30070.95,30854.46,783.5099999999984,STOP_LOSS,124.66,114.69
JSWSTEEL.NS,2023-09-01,783.28,2023-09-22,765.97,38,29764.64,29106.86,-657.7799999999988,STOP_LOSS,837.38,784.63
BHARTIARTL.NS,2023-09-08,861.1,2023-09-22,898.83,24,20666.4,21571.920000000002,905.5200000000004,STOP_LOSS,954.24,900.0
DIVISLAB.NS,2023-09-08,3599.53,2023-09-22,3665.76,5,17997.65,18328.800000000003,331.15000000000146,STOP_LOSS,3907.06,3676.01
ULTRACEMCO.NS,2023-09-08,8195.07,2023-09-22,8087.87,2,16390.14,16175.74,-214.39999999999964,STOP_LOSS,8896.03,8416.9
DRREDDY.NS,2023-09-15,1132.41,2023-09-22,1090.0,15,16986.15,16350.0,-636.1500000000015,STOP_LOSS,1184.46,1123.73
HDFCBANK.NS,2023-09-15,798.58,2023-09-22,744.46,21,16770.18,15633.66,-1136.5200000000004,STOP_LOSS,829.09,793.49
HCLTECH.NS,2023-08-04,1033.78,2023-09-29,1137.56,28,28945.84,31851.68,2905.84,STOP_LOSS,1242.49,1171.4
INFY.NS,2023-08-04,1249.83,2023-09-29,1334.19,23,28746.089999999997,30686.370000000003,1940.280000000006,STOP_LOSS,1438.64,1379.7
TECHM.NS,2023-08-04,1069.06,2023-09-29,1144.08,27,28864.62,30890.159999999996,2025.5399999999972,STOP_LOSS,1269.56,1185.13
LTIM.NS,2023-08-11,4875.86,2023-09-29,5060.76,5,24379.3,25303.800000000003,924.5000000000036,STOP_LOSS,5560.33,5235.06
TITAN.NS,2023-08-18,2977.96,2023-09-29,3129.11,9,26801.64,28161.99,1360.3500000000022,STOP_LOSS,3354.86,3178.4
SUNPHARMA.NS,2023-06-02,958.05,2023-10-06,1107.03,23,22035.149999999998,25461.69,3426.540000000001,STOP_LOSS,1163.31,1112.32
NTPC.NS,2023-06-09,166.91,2023-10-06,221.92,139,23200.489999999998,30846.879999999997,7646.389999999999,STOP_LOSS,242.05,223.3
ONGC.NS,2023-07-07,141.32,2023-10-06,160.1,136,19219.52,21773.6,2554.079999999998,STOP_LOSS,175.5,164.62
GRASIM.NS,2023-07-21,1743.72,2023-10-06,1881.66,9,15693.48,16934.940000000002,1241.4600000000028,STOP_LOSS,2031.06,1889.94
TATASTEEL.NS,2023-09-01,119.53,2023-10-06,120.6,252,30121.56,30391.199999999997,269.6399999999958,STOP_LOSS,131.46,121.33
SBIN.NS,2023-09-15,568.56,2023-10-13,555.49,30,17056.8,16664.7,-392.09999999999854,STOP_LOSS,596.68,561.72
ADANIPORTS.NS,2023-04-13,628.74,2023-10-20,786.43,20,12574.8,15728.599999999999,3153.7999999999993,STOP_LOSS,883.77,803.6
TCS.NS,2023-07-21,3123.24,2023-10-20,3313.72,5,15616.199999999999,16568.6,952.3999999999996,STOP_LOSS,3513.4,3336.88
POLICYBZR.NS,2023-10-06,739.1,2023-10-20,724.35,51,37694.1,36941.85,-752.25,STOP_LOSS,807.49,727.71
HINDUNILVR.NS,2023-10-13,2419.39,2023-10-20,2380.92,12,29032.68,28571.04,-461.6399999999994,STOP_LOSS,2516.67,2403.18
LT.NS,2023-06-09,2268.94,2023-10-27,2852.66,10,22689.4,28526.6,5837.199999999997,STOP_LOSS,3156.87,2954.46
ZEEL.NS,2023-07-07,192.34,2023-10-27,242.07,100,19234.0,24207.0,4973.0,STOP_LOSS,292.1,246.3
M&M.NS,2023-08-11,1478.39,2023-10-27,1487.86,18,26611.02,26781.48,170.45999999999913,STOP_LOSS,1665.5,1520.69
BHARTIARTL.NS,2023-09-22,882.46,2023-10-27,901.99,28,24708.88,25255.72,546.8400000000001,STOP_LOSS,965.5,922.71
BAJAJFINSV.NS,2023-10-06,1596.28,2023-10-27,1564.65,23,36714.44,35986.950000000004,-727.489999999998,STOP_LOSS,1712.75,1593.68
GAIL.NS,2023-10-06,113.28,2023-10-27,109.86,333,37722.24,36583.38,-1138.8600000000006,STOP_LOSS,124.59,115.07
TITAN.NS,2023-10-06,3226.3,2023-10-27,3101.19,11,35489.3,34113.090000000004,-1376.2099999999991,STOP_LOSS,3414.57,3194.92
GRASIM.NS,2023-10-13,1922.51,2023-10-27,1834.9,16,30760.16,29358.4,-1401.7599999999984,STOP_LOSS,2035.15,1903.74
ULTRACEMCO.NS,2023-10-13,8134.24,2023-10-27,8110.34,3,24402.72,24331.02,-71.70000000000073,STOP_LOSS,8658.44,8133.0
LTIM.NS,2023-10-20,5148.0,2023-10-27,5042.52,5,25740.0,25212.600000000002,-527.3999999999978,STOP_LOSS,5487.61,5091.39
SBILIFE.NS,2023-10-20,1335.13,2023-10-27,1298.09,22,29372.86,28557.98,-814.880000000001,STOP_LOSS,1402.6,1323.89
SUNPHARMA.NS,2023-10-20,1104.31,2023-10-27,1091.32,27,29816.37,29465.64,-350.72999999999956,STOP_LOSS,1156.36,1095.64
MARUTI.NS,2023-09-01,9954.55,2023-11-03,10071.14,3,29863.649999999998,30213.42,349.77000000000044,STOP_LOSS,10883.66,10235.67
HEROMOTOCO.NS,2023-09-15,2808.53,2023-11-03,2884.05,6,16851.18,17304.300000000003,453.1200000000026,STOP_LOSS,3125.36,2902.14
ZEEL.NS,2023-11-03,258.21,2023-11-10,241.88,161,41571.81,38942.68,-2629.1299999999974,STOP_LOSS,286.03,253.57
CIPLA.NS,2023-11-10,1193.11,2023-11-24,1176.01,31,36986.409999999996,36456.31,-530.0999999999985,STOP_LOSS,1263.81,1181.33
ULTRACEMCO.NS,2023-11-10,8480.68,2023-11-24,8452.18,4,33922.72,33808.72,-114.0,STOP_LOSS,8902.67,8520.14
BHARTIARTL.NS,2023-11-17,922.9,2023-12-15,978.87,22,20303.8,21535.14,1231.3400000000001,STOP_LOSS,1029.06,979.45
MARUTI.NS,2023-11-17,10168.63,2023-12-15,10081.04,2,20337.26,20162.08,-175.17999999999665,STOP_LOSS,10638.29,10174.83
DRREDDY.NS,2023-11-17,1087.46,2023-12-15,1104.31,19,20661.74,20981.89,320.1499999999978,STOP_LOSS,1174.31,1112.12
POLICYBZR.NS,2023-11-17,774.12,2023-12-15,789.35,27,20901.24,21312.45,411.2099999999991,STOP_LOSS,919.24,817.85
BAJAJFINSV.NS,2023-11-10,1557.64,2023-12-22,1670.18,23,35825.72,38414.14,2588.4199999999983,STOP_LOSS,1788.73,1688.08
GRASIM.NS,2023-11-10,1887.93,2023-12-22,2022.94,19,35870.67,38435.86,2565.1900000000023,STOP_LOSS,2184.56,2042.72
SBILIFE.NS,2023-11-10,1322.34,2023-12-22,1389.16,28,37025.52,38896.48,1870.9600000000064,STOP_LOSS,1514.9,1418.46
M&M.NS,2023-11-17,1527.42,2023-12-22,1609.44,13,19856.46,20922.72,1066.260000000002,STOP_LOSS,1781.57,1636.66
ICICIBANK.NS,2023-12-01,920.24,2023-12-22,978.26,12,11042.880000000001,11739.119999999999,696.239999999998,STOP_LOSS,1057.68,992.91
EICHERMOT.NS,2023-09-01,3264.47,2024-01-05,3785.48,9,29380.23,34069.32,4689.09,STOP_LOSS,4237.62,3901.65
HCLTECH.NS,2023-10-13,1131.85,2024-01-05,1332.59,27,30559.949999999997,35979.93,5419.980000000003,STOP_LOSS,1441.82,1345.87
TCS.NS,2023-11-17,3273.69,2024-01-05,3544.47,6,19642.14,21266.82,1624.6800000000003,STOP_LOSS,3789.06,3565.32
HEROMOTOCO.NS,2023-11-17,3045.79,2024-01-05,3725.07,6,18274.739999999998,22350.420000000002,4075.680000000004,STOP_LOSS,4042.49,3730.83
INFY.NS,2023-11-17,1332.78,2024-01-05,1442.87,15,19991.7,21643.05,1651.3499999999985,STOP_LOSS,1540.63,1445.1
LTIM.NS,2023-11-17,5282.94,2024-01-05,5799.88,4,21131.76,23199.52,2067.760000000002,STOP_LOSS,6435.97,5915.48
TECHM.NS,2023-11-17,1116.63,2024-01-05,1180.53,18,20099.340000000004,21249.54,1150.199999999997,STOP_LOSS,1288.29,1195.36
JSWSTEEL.NS,2023-11-24,761.51,2024-01-05,820.74,18,13707.18,14773.32,1066.1399999999994,STOP_LOSS,910.84,841.23
TATASTEEL.NS,2023-11-24,118.88,2024-01-05,128.02,115,13671.199999999999,14722.300000000001,1051.1000000000022,STOP_LOSS,139.94,129.06
ULTRACEMCO.NS,2023-12-01,8783.01,2024-01-05,9894.29,1,8783.01,9894.29,1111.2800000000007,STOP_LOSS,10801.0,10056.14
KOTAKBANK.NS,2023-12-08,1809.79,2024-01-05,1843.45,4,7239.16,7373.8,134.64000000000033,STOP_LOSS,1965.15,1857.82
NESTLEIND.NS,2023-09-15,1088.87,2024-01-12,1252.4,16,17421.92,20038.4,2616.480000000003,STOP_LOSS,1370.22,1264.44
BRITANNIA.NS,2023-10-20,4413.48,2024-01-12,5019.14,6,26480.879999999997,30114.840000000004,3633.9600000000064,STOP_LOSS,5416.94,5040.25
HINDUNILVR.NS,2023-11-03,2381.46,2024-01-12,2445.34,17,40484.82,41570.78,1085.9599999999991,STOP_LOSS,2618.07,2517.56
ASIANPAINT.NS,2023-11-17,3050.62,2024-01-12,3206.2,6,18303.72,19237.199999999997,933.4799999999959,STOP_LOSS,3435.97,3247.16
HDFCBANK.NS,2023-12-01,748.44,2024-01-12,798.75,14,10478.16,11182.5,704.3400000000001,STOP_LOSS,853.21,815.86
ZEEL.NS,2023-12-01,250.24,2024-01-12,242.85,44,11010.560000000001,10685.4,-325.1600000000017,STOP_LOSS,299.25,256.84
BAJAJFINSV.NS,2024-01-05,1676.41,2024-01-12,1650.05,16,26822.56,26400.8,-421.76000000000204,STOP_LOSS,1769.94,1660.83
DIVISLAB.NS,2023-11-24,3637.12,2024-01-19,3654.63,3,10911.36,10963.89,52.529999999998836,STOP_LOSS,4165.03,3827.53
ADANIPORTS.NS,2023-12-01,802.68,2024-01-19,1141.97,13,10434.84,14845.61,4410.77,STOP_LOSS,1262.0,1146.72
SBIN.NS,2023-12-08,583.57,2024-01-19,605.24,12,7002.84,7262.88,260.03999999999996,STOP_LOSS,646.43,608.94
ITC.NS,2023-12-01,399.92,2024-01-25,410.18,27,10797.84,11074.86,277.02000000000044,STOP_LOSS,440.1,416.58
SBILIFE.NS,2024-01-05,1423.47,2024-01-25,1375.81,19,27045.93,26140.39,-905.5400000000009,STOP_LOSS,1507.59,1381.06
TCS.NS,2024-01-12,3616.62,2024-01-25,3638.3,8,28932.96,29106.4,173.44000000000233,STOP_LOSS,3910.07,3656.29
TECHM.NS,2024-01-19,1278.88,2024-01-25,1250.27,20,25577.600000000002,25005.4,-572.2000000000007,STOP_LOSS,1385.55,1261.11
LT.NS,2023-11-10,2928.72,2024-02-02,3318.77,12,35144.64,39825.24,4680.5999999999985,STOP_LOSS,3722.24,3480.55
TITAN.NS,2023-11-10,3173.2,2024-02-02,3589.81,11,34905.2,39487.909999999996,4582.709999999999,STOP_LOSS,3926.43,3682.04
BRITANNIA.NS,2024-02-02,4890.95,2024-02-16,4787.82,5,24454.75,23939.1,-515.6500000000015,STOP_LOSS,5268.94,4827.95
COALINDIA.NS,2023-08-04,189.54,2024-02-23,395.44,153,28999.62,60502.32,31502.7,STOP_LOSS,455.17,398.41
HEROMOTOCO.NS,2024-01-05,3630.75,2024-02-23,4311.31,7,25415.25,30179.170000000002,4763.920000000002,STOP_LOSS,4800.68,4395.21
VBL.NS,2023-07-07,316.76,2024-03-01,564.57,61,19322.36,34438.770000000004,15116.410000000003,STOP_LOSS,633.5,580.23
BAJAJ-AUTO.NS,2023-09-15,4878.14,2024-03-01,7778.1,3,14634.420000000002,23334.300000000003,8699.880000000001,STOP_LOSS,8521.17,7892.75
WIPRO.NS,2023-12-01,192.31,2024-03-01,249.58,58,11153.98,14475.640000000001,3321.6600000000017,STOP_LOSS,275.42,250.32
DRREDDY.NS,2023-12-22,1088.43,2024-03-01,1223.66,16,17414.88,19578.56,2163.6800000000003,STOP_LOSS,1321.16,1236.48
INFY.NS,2024-01-12,1484.23,2024-03-07,1521.86,19,28200.37,28915.339999999997,714.9699999999975,STOP_LOSS,1669.87,1537.56
ULTRACEMCO.NS,2024-01-19,9778.89,2024-03-07,9555.55,2,19557.78,19111.1,-446.6800000000003,STOP_LOSS,10472.63,9603.15
POWERGRID.NS,2023-09-01,168.94,2024-03-15,251.68,178,30071.32,44799.04,14727.720000000001,STOP_LOSS,294.07,264.1
TATACONSUM.NS,2023-09-15,846.14,2024-03-15,1194.99,20,16922.8,23899.8,6977.0,STOP_LOSS,1297.15,1203.6
NTPC.NS,2023-10-20,222.52,2024-03-15,303.81,136,30262.72,41318.16,11055.440000000002,STOP_LOSS,353.16,327.13
BPCL.NS,2023-11-03,154.91,2024-03-15,268.89,268,41515.88,72062.51999999999,30546.639999999992,STOP_LOSS,329.53,278.09
GAIL.NS,2023-11-10,113.72,2024-03-15,166.51,328,37300.159999999996,54615.28,17315.120000000003,STOP_LOSS,191.46,172.52
SUNPHARMA.NS,2023-11-10,1135.47,2024-03-15,1529.03,32,36335.04,48928.96,12593.919999999998,STOP_LOSS,1639.61,1545.47
RELIANCE.NS,2023-11-24,1176.67,2024-03-15,1407.81,11,12943.37,15485.91,2542.539999999999,STOP_LOSS,1529.59,1444.84
M&M.NS,2024-01-19,1598.0,2024-03-15,1772.18,16,25568.0,28354.88,2786.880000000001,STOP_LOSS,2055.94,1858.29
TATASTEEL.NS,2024-01-19,125.36,2024-03-15,135.74,210,26325.6,28505.4,2179.800000000003,STOP_LOSS,158.56,144.68
SBIN.NS,2024-02-02,610.39,2024-03-15,705.66,43,26246.77,30343.379999999997,4096.609999999997,STOP_LOSS,789.79,737.3
COALINDIA.NS,2024-02-23,378.21,2024-03-15,369.92,69,26096.489999999998,25524.48,-572.0099999999984,STOP_LOSS,434.25,389.25
EICHERMOT.NS,2024-02-23,3733.77,2024-03-15,3657.18,7,26136.39,25600.26,-536.130000000001,STOP_LOSS,4035.35,3683.51
TITAN.NS,2024-02-23,3598.22,2024-03-15,3610.48,7,25187.539999999997,25273.36,85.82000000000335,STOP_LOSS,3919.06,3646.34
LT.NS,2024-03-01,3498.6,2024-03-15,3477.13,7,24490.2,24339.91,-150.29000000000087,STOP_LOSS,3760.91,3504.8
JSWSTEEL.NS,2024-03-01,807.92,2024-03-15,772.5,31,25045.52,23947.5,-1098.0200000000004,STOP_LOSS,866.58,798.14
BAJAJ-AUTO.NS,2024-03-07,8339.6,2024-03-15,8078.63,3,25018.800000000003,24235.89,-782.9100000000035,STOP_LOSS,9090.12,8214.51
HCLTECH.NS,2024-01-12,1404.48,2024-03-22,1460.07,20,28089.6,29201.399999999998,1111.7999999999993,STOP_LOSS,1636.65,1507.39
TCS.NS,2024-01-25,3562.1,2024-03-22,3734.36,6,21372.6,22406.16,1033.5600000000013,STOP_LOSS,4194.19,3904.74
TECHM.NS,2024-01-25,1207.08,2024-03-28,1180.34,20,24141.6,23606.8,-534.7999999999993,STOP_LOSS,1336.66,1185.49
BHARTIARTL.NS,2023-12-29,1000.47,2024-04-05,1174.58,17,17007.99,19967.86,2959.869999999999,STOP_LOSS,1277.56,1175.18
SBILIFE.NS,2024-02-09,1388.21,2024-04-05,1482.48,15,20823.15,22237.2,1414.0499999999993,STOP_LOSS,1607.33,1483.31
CIPLA.NS,2023-12-08,1169.89,2024-04-12,1370.42,6,7019.34,8222.52,1203.1800000000003,STOP_LOSS,1522.8,1414.55
HEROMOTOCO.NS,2024-03-07,4332.01,2024-04-12,4236.47,5,21660.050000000003,21182.350000000002,-477.7000000000007,STOP_LOSS,4759.72,4313.99
DRREDDY.NS,2024-03-15,1215.69,2024-04-12,1201.98,41,49843.29,49281.18,-562.1100000000006,STOP_LOSS,1293.73,1202.69
VBL.NS,2024-03-15,546.25,2024-04-12,552.3,91,49708.75,50259.299999999996,550.5499999999956,STOP_LOSS,626.28,572.06
SUNPHARMA.NS,2024-03-28,1567.08,2024-04-12,1520.93,25,39177.0,38023.25,-1153.75,STOP_LOSS,1667.29,1550.37
TITAN.NS,2024-03-28,3703.47,2024-04-12,3596.67,10,37034.7,35966.7,-1068.0,STOP_LOSS,3927.15,3666.19
POLICYBZR.NS,2024-01-05,768.59,2024-04-19,1197.45,35,26900.65,41910.75,15010.099999999999,STOP_LOSS,1385.38,1197.99
ICICIBANK.NS,2024-01-19,965.82,2024-04-19,1050.04,27,26077.140000000003,28351.079999999998,2273.939999999995,STOP_LOSS,1119.87,1061.63
ADANIPORTS.NS,2024-02-02,1210.97,2024-04-19,1298.09,21,25430.37,27259.89,1829.5200000000004,STOP_LOSS,1433.11,1310.49
NESTLEIND.NS,2024-02-23,1247.14,2024-04-19,1200.82,21,26189.940000000002,25217.219999999998,-972.7200000000048,STOP_LOSS,1337.41,1246.14
LT.NS,2024-03-28,3621.85,2024-04-19,3458.65,11,39840.35,38045.15,-1795.199999999997,STOP_LOSS,3856.41,3582.76
BAJAJFINSV.NS,2024-03-28,1605.66,2024-04-19,1617.19,24,38535.840000000004,38812.56,276.7199999999939,STOP_LOSS,1760.93,1648.62
COALINDIA.NS,2024-03-28,374.13,2024-04-19,387.78,107,40031.909999999996,41492.46,1460.550000000003,STOP_LOSS,424.6,391.82
KOTAKBANK.NS,2024-03-22,1741.37,2024-04-26,1604.89,26,45275.619999999995,41727.14,-3548.479999999996,STOP_LOSS,1868.22,1764.55
HDFCBANK.NS,2024-04-05,742.4,2024-04-26,734.8,22,16332.8,16165.599999999999,-167.20000000000073,STOP_LOSS,777.64,736.52
SBILIFE.NS,2024-04-05,1451.71,2024-04-26,1412.56,11,15968.810000000001,15538.16,-430.65000000000146,STOP_LOSS,1544.01,1436.33
RELIANCE.NS,2024-03-28,1448.58,2024-05-03,1423.46,27,39111.659999999996,38433.42,-678.239999999998,STOP_LOSS,1527.64,1435.41
BHARTIARTL.NS,2024-04-19,1242.33,2024-05-03,1259.79,29,36027.57,36533.909999999996,506.3399999999965,STOP_LOSS,1363.37,1265.98
ONGC.NS,2023-10-20,161.79,2024-05-10,249.19,187,30254.73,46598.53,16343.8,STOP_LOSS,277.92,253.22
GRASIM.NS,2024-01-05,2008.59,2024-05-10,2359.47,13,26111.67,30673.109999999997,4561.439999999999,STOP_LOSS,2575.6,2378.36
GAIL.NS,2024-03-28,167.25,2024-05-10,184.47,239,39972.75,44088.33,4115.580000000002,STOP_LOSS,214.01,188.31
DIVISLAB.NS,2024-04-05,3633.51,2024-05-10,3753.27,4,14534.04,15013.08,479.03999999999905,STOP_LOSS,4142.69,3847.06
ASIANPAINT.NS,2024-05-03,2816.48,2024-05-10,2710.72,13,36614.24,35239.36,-1374.8799999999974,STOP_LOSS,2964.3,2791.85
COALINDIA.NS,2024-05-03,412.43,2024-05-10,400.34,92,37943.56,36831.28,-1112.2799999999988,STOP_LOSS,443.52,407.25
DRREDDY.NS,2024-05-03,1227.37,2024-05-10,1169.81,31,38048.469999999994,36264.11,-1784.3599999999933,STOP_LOSS,1308.69,1213.82
POLICYBZR.NS,2024-05-03,1241.44,2024-05-10,1202.25,30,37243.200000000004,36067.5,-1175.7000000000044,STOP_LOSS,1398.68,1215.23
ULTRACEMCO.NS,2024-05-03,9514.68,2024-05-10,9376.31,4,38058.72,37505.24,-553.4800000000032,STOP_LOSS,10061.54,9423.53
COLPAL.NS,2023-09-08,1868.3,2024-05-17,2569.67,11,20551.3,28266.370000000003,7715.070000000003,STOP_LOSS,2860.02,2642.24
MARUTI.NS,2024-02-02,10234.77,2024-05-31,12151.76,2,20469.54,24303.52,3833.9799999999996,STOP_LOSS,13290.13,12328.99
ITC.NS,2024-03-22,382.34,2024-05-31,389.76,118,45116.119999999995,45991.68,875.560000000005,STOP_LOSS,415.35,392.23
NTPC.NS,2024-03-28,312.59,2024-05-31,344.82,128,40011.52,44136.96,4125.440000000002,STOP_LOSS,378.66,346.25
TATASTEEL.NS,2024-03-28,144.06,2024-05-31,160.16,277,39904.62,44364.32,4459.699999999997,STOP_LOSS,176.01,161.1
TECHM.NS,2024-04-26,1175.3,2024-05-31,1161.75,32,37609.6,37176.0,-433.59999999999854,STOP_LOSS,1296.77,1214.91
VBL.NS,2024-04-26,566.81,2024-05-31,568.62,67,37976.27,38097.54,121.27000000000407,STOP_LOSS,634.37,573.56
GRASIM.NS,2024-05-10,2303.78,2024-05-31,2299.02,16,36860.48,36784.32,-76.16000000000349,STOP_LOSS,2526.28,2345.26
ULTRACEMCO.NS,2024-05-17,9577.26,2024-05-31,9794.96,3,28731.78,29384.879999999997,653.0999999999985,STOP_LOSS,10485.69,9822.49
RELIANCE.NS,2024-05-24,1443.76,2024-05-31,1419.89,17,24543.92,24138.13,-405.78999999999724,STOP_LOSS,1520.6,1430.96
ONGC.NS,2024-05-24,253.6,2024-05-31,243.75,97,24599.2,23643.75,-955.4500000000007,STOP_LOSS,276.33,249.81
BPCL.NS,2024-05-03,279.44,2024-06-07,275.01,136,38003.84,37401.36,-602.4799999999959,STOP_LOSS,321.15,283.98
LT.NS,2024-05-24,3474.87,2024-06-07,3472.56,7,24324.09,24307.92,-16.17000000000189,STOP_LOSS,3751.47,3498.72
ICICIBANK.NS,2024-05-03,1099.99,2024-06-14,1087.82,34,37399.66,36985.88,-413.7800000000061,STOP_LOSS,1170.91,1088.17
HEROMOTOCO.NS,2024-05-03,4245.49,2024-06-21,5201.15,9,38209.409999999996,46810.35,8600.940000000002,STOP_LOSS,5898.1,5266.42
HINDUNILVR.NS,2024-05-10,2230.43,2024-06-21,2369.48,17,37917.31,40281.16,2363.850000000006,STOP_LOSS,2606.98,2380.95
ITC.NS,2024-06-07,400.14,2024-06-21,390.56,88,35212.32,34369.28,-843.0400000000009,STOP_LOSS,426.0,395.84
COLPAL.NS,2024-06-07,2801.76,2024-06-21,2744.32,12,33621.12,32931.840000000004,-689.2799999999988,STOP_LOSS,3029.25,2763.84
TATACONSUM.NS,2024-06-07,1099.12,2024-06-21,1076.92,32,35171.84,34461.44,-710.3999999999942,STOP_LOSS,1183.65,1085.03
ULTRACEMCO.NS,2024-06-07,10004.18,2024-06-21,10532.78,3,30012.54,31598.340000000004,1585.800000000003,STOP_LOSS,11798.74,10586.66
MARUTI.NS,2024-06-14,12287.05,2024-06-21,11957.91,1,12287.05,11957.91,-329.1399999999994,STOP_LOSS,13192.16,12136.2
BAJAJ-AUTO.NS,2024-03-15,7812.41,2024-06-28,9266.79,6,46874.46,55600.740000000005,8726.280000000006,STOP_LOSS,10195.59,9355.47
EICHERMOT.NS,2024-03-22,3799.96,2024-06-28,4562.58,11,41799.56,50188.38,8388.82,STOP_LOSS,5082.81,4620.33
COALINDIA.NS,2024-05-17,404.42,2024-06-28,421.5,86,34780.12,36249.0,1468.8799999999974,STOP_LOSS,477.56,422.87
CIPLA.NS,2024-05-24,1411.49,2024-06-28,1452.83,17,23995.33,24698.11,702.7799999999988,STOP_LOSS,1601.57,1485.41
TITAN.NS,2024-06-14,3414.62,2024-07-05,3259.54,3,10243.86,9778.619999999999,-465.2400000000016,STOP_LOSS,3694.7,3367.94
M&M.NS,2024-03-28,1836.94,2024-07-12,2682.4,21,38575.74,56330.4,17754.660000000003,STOP_LOSS,3081.72,2735.95
TATASTEEL.NS,2024-06-07,164.25,2024-07-12,164.85,216,35478.0,35607.6,129.59999999999854,STOP_LOSS,188.73,165.47
ZEEL.NS,2024-05-24,141.84,2024-07-19,133.61,174,24680.16,23248.140000000003,-1432.0199999999968,STOP_LOSS,176.87,146.17
GRASIM.NS,2024-06-14,2370.64,2024-07-19,2722.6,5,11853.199999999999,13613.0,1759.800000000001,STOP_LOSS,2934.16,2738.92
NTPC.NS,2024-06-28,355.27,2024-07-19,350.25,79,28066.329999999998,27669.75,-396.5799999999981,STOP_LOSS,382.21,351.74
SBIN.NS,2024-03-28,709.18,2024-07-26,845.47,56,39714.079999999994,47346.32,7632.240000000005,STOP_LOSS,902.96,848.51
WIPRO.NS,2024-06-07,227.32,2024-07-26,252.32,156,35461.92,39361.92,3900.0,STOP_LOSS,282.46,259.47
NESTLEIND.NS,2024-06-14,1221.29,2024-07-26,1225.42,10,12212.9,12254.2,41.30000000000109,STOP_LOSS,1330.58,1251.26
ICICIBANK.NS,2024-06-21,1105.72,2024-07-26,1187.73,19,21008.68,22566.87,1558.1899999999987,STOP_LOSS,1274.49,1194.03
RELIANCE.NS,2024-06-28,1525.43,2024-07-26,1497.94,18,27457.74,26962.920000000002,-494.8199999999997,STOP_LOSS,1649.63,1536.52
BAJAJFINSV.NS,2024-07-12,1573.34,2024-07-26,1585.68,13,20453.42,20613.84,160.4200000000019,STOP_LOSS,1685.51,1604.91
LTIM.NS,2024-06-07,4745.54,2024-08-02,5420.93,7,33218.78,37946.51,4727.730000000003,STOP_LOSS,5984.62,5477.76
VBL.NS,2024-06-07,586.64,2024-08-02,626.62,60,35198.4,37597.2,2398.7999999999956,STOP_LOSS,706.05,639.79
EICHERMOT.NS,2024-07-12,4658.53,2024-08-02,4615.06,4,18634.12,18460.24,-173.87999999999738,STOP_LOSS,5108.11,4733.61
M&M.NS,2024-07-26,2781.9,2024-08-02,2727.74,10,27819.0,27277.399999999998,-541.6000000000022,STOP_LOSS,3030.56,2740.45
TCS.NS,2024-06-07,3674.57,2024-08-09,4076.65,9,33071.130000000005,36689.85,3618.719999999994,STOP_LOSS,4409.93,4095.11
INFY.NS,2024-06-07,1441.47,2024-08-09,1700.49,24,34595.28,40811.76,6216.480000000003,STOP_LOSS,1880.27,1747.41
KOTAKBANK.NS,2024-06-07,1710.28,2024-08-09,1767.61,20,34205.6,35352.2,1146.5999999999985,STOP_LOSS,1935.03,1783.67
ULTRACEMCO.NS,2024-06-21,10178.47,2024-08-09,11229.17,2,20356.94,22458.34,2101.4000000000015,STOP_LOSS,12232.97,11283.47
TITAN.NS,2024-07-26,3402.76,2024-08-09,3321.7,8,27222.08,26573.6,-648.4800000000032,STOP_LOSS,3645.47,3362.31
MARUTI.NS,2024-08-02,12292.78,2024-08-09,12093.31,2,24585.56,24186.62,-398.9400000000023,STOP_LOSS,13184.84,12144.1
POWERGRID.NS,2024-03-28,253.37,2024-08-16,323.09,158,40032.46,51048.219999999994,11015.759999999995,STOP_LOSS,357.75,324.98
ADANIPORTS.NS,2024-05-17,1284.77,2024-08-16,1486.22,27,34688.79,40127.94,5439.1500000000015,STOP_LOSS,1654.35,1524.78
DIVISLAB.NS,2024-05-24,3971.35,2024-08-16,4612.9,6,23828.1,27677.399999999998,3849.2999999999993,STOP_LOSS,5206.41,4790.29
DRREDDY.NS,2024-06-07,1170.71,2024-08-16,1350.16,30,35121.3,40504.8,5383.5,STOP_LOSS,1447.58,1353.57
BHARTIARTL.NS,2024-05-17,1297.49,2024-09-06,1526.49,26,33734.74,39688.74,5954.0,STOP_LOSS,1634.66,1531.79
GAIL.NS,2024-05-17,188.03,2024-09-06,213.47,185,34785.55,39491.95,4706.399999999994,STOP_LOSS,243.0,215.11
LT.NS,2024-07-05,3530.47,2024-09-06,3541.72,7,24713.289999999997,24792.039999999997,78.75,STOP_LOSS,3772.51,3593.85
COALINDIA.NS,2024-07-05,429.3,2024-09-06,439.57,60,25758.0,26374.2,616.2000000000007,STOP_LOSS,512.27,464.25
ONGC.NS,2024-07-05,260.2,2024-09-06,286.95,99,25759.8,28408.05,2648.25,STOP_LOSS,329.77,287.75
CIPLA.NS,2024-07-12,1459.64,2024-09-06,1594.02,14,20434.960000000003,22316.28,1881.319999999996,STOP_LOSS,1694.25,1594.78
NTPC.NS,2024-07-26,369.88,2024-09-06,382.2,78,28850.64,29811.6,960.9599999999991,STOP_LOSS,428.28,384.25
EICHERMOT.NS,2024-08-16,4636.71,2024-09-06,4691.67,9,41730.39,42225.03,494.6399999999994,STOP_LOSS,5048.47,4783.4
INFY.NS,2024-08-16,1745.97,2024-09-06,1826.39,25,43649.25,45659.75,2010.5,STOP_LOSS,1919.24,1827.08
M&M.NS,2024-08-16,2738.98,2024-09-06,2676.6,16,43823.68,42825.6,-998.0800000000017,STOP_LOSS,2975.48,2699.56
WIPRO.NS,2024-08-16,242.78,2024-09-06,250.3,182,44185.96,45554.6,1368.6399999999994,STOP_LOSS,268.67,251.51
KOTAKBANK.NS,2024-08-23,1787.73,2024-09-06,1762.12,18,32179.14,31718.159999999996,-460.9800000000032,STOP_LOSS,1872.26,1773.64
VBL.NS,2024-08-23,609.36,2024-09-06,595.6,55,33514.8,32758.0,-756.8000000000029,STOP_LOSS,674.4,598.52
DRREDDY.NS,2024-08-30,1374.57,2024-09-06,1325.03,16,21993.12,21200.48,-792.6399999999994,STOP_LOSS,1443.09,1363.14
BPCL.NS,2024-07-26,292.05,2024-09-13,323.95,99,28912.95,32071.05,3158.0999999999985,STOP_LOSS,355.39,325.78
TCS.NS,2024-08-16,4171.97,2024-09-20,4130.79,10,41719.700000000004,41307.9,-411.8000000000029,STOP_LOSS,4545.82,4273.08
POLICYBZR.NS,2024-05-17,1260.7,2024-09-27,1640.8,27,34038.9,44301.6,10262.699999999997,STOP_LOSS,2057.2,1837.14
LTIM.NS,2024-08-23,5417.45,2024-09-27,6037.02,6,32504.699999999997,36222.12,3717.4200000000055,STOP_LOSS,6602.74,6094.99
VBL.NS,2024-09-13,621.2,2024-09-27,606.82,60,37272.0,36409.200000000004,-862.7999999999956,STOP_LOSS,706.38,612.25
ASIANPAINT.NS,2024-05-24,2738.87,2024-10-04,3034.47,9,24649.829999999998,27310.23,2660.4000000000015,STOP_LOSS,3427.71,3233.06
HDFCBANK.NS,2024-05-24,735.92,2024-10-04,817.77,33,24285.359999999997,26986.41,2701.050000000003,STOP_LOSS,887.64,847.39
SBILIFE.NS,2024-06-14,1421.79,2024-10-04,1794.68,9,12796.11,16152.12,3356.01,STOP_LOSS,1971.69,1833.45
ITC.NS,2024-07-05,398.47,2024-10-04,468.71,65,25900.550000000003,30466.149999999998,4565.599999999995,STOP_LOSS,500.35,476.16
HINDUNILVR.NS,2024-07-05,2430.93,2024-10-04,2764.94,10,24309.3,27649.4,3340.100000000002,STOP_LOSS,3010.54,2799.6
TATACONSUM.NS,2024-07-05,1107.67,2024-10-04,1122.08,23,25476.410000000003,25807.839999999997,331.429999999993,STOP_LOSS,1261.27,1162.31
BAJAJ-AUTO.NS,2024-08-02,9130.57,2024-10-04,11483.37,3,27391.71,34450.11,7058.4000000000015,STOP_LOSS,12888.23,11952.14
ICICIBANK.NS,2024-08-23,1173.59,2024-10-04,1230.26,28,32860.52,34447.28,1586.760000000002,STOP_LOSS,1378.27,1290.65
BAJAJFINSV.NS,2024-08-23,1606.79,2024-10-04,1883.63,20,32135.8,37672.600000000006,5536.800000000007,STOP_LOSS,2103.2,1939.61
TITAN.NS,2024-08-23,3481.21,2024-10-04,3659.09,9,31330.89,32931.81,1600.9199999999983,STOP_LOSS,3943.62,3701.47
MARUTI.NS,2024-08-30,12091.05,2024-10-04,12470.77,1,12091.05,12470.77,379.72000000000116,STOP_LOSS,13795.68,13017.65
HEROMOTOCO.NS,2024-08-30,5112.25,2024-10-04,5305.5,4,20449.0,21222.0,773.0,STOP_LOSS,6036.27,5585.5
BHARTIARTL.NS,2024-09-06,1497.41,2024-10-04,1627.3,28,41927.48,45564.4,3636.9199999999983,STOP_LOSS,1795.74,1663.58
KOTAKBANK.NS,2024-09-13,1794.23,2024-10-04,1806.92,20,35884.6,36138.4,253.8000000000029,STOP_LOSS,1958.95,1859.83
ULTRACEMCO.NS,2024-09-13,11458.63,2024-10-04,11378.13,3,34375.89,34134.39,-241.5,STOP_LOSS,12291.47,11566.17
LT.NS,2024-09-20,3691.17,2024-10-04,3461.67,8,29529.36,27693.36,-1836.0,STOP_LOSS,3894.18,3657.34
EICHERMOT.NS,2024-09-20,4809.91,2024-10-04,4646.55,6,28859.46,27879.300000000003,-980.1599999999962,STOP_LOSS,5196.58,4848.71
M&M.NS,2024-09-20,2863.69,2024-10-04,2993.4,11,31500.59,32927.4,1426.8100000000013,STOP_LOSS,3325.21,3033.07
NESTLEIND.NS,2024-09-20,1312.19,2024-10-04,1285.4,24,31492.56,30849.600000000002,-642.9599999999991,STOP_LOSS,1412.24,1318.02
POWERGRID.NS,2024-09-20,319.76,2024-10-04,323.33,101,32295.76,32656.329999999998,360.5699999999997,STOP_LOSS,352.07,327.5
RELIANCE.NS,2024-09-27,1499.75,2024-10-04,1381.01,19,28495.25,26239.19,-2256.0600000000013,STOP_LOSS,1560.81,1489.57
BPCL.NS,2024-09-27,338.58,2024-10-04,322.01,85,28779.3,27370.85,-1408.4500000000007,STOP_LOSS,365.67,334.06
COALINDIA.NS,2024-09-27,454.97,2024-10-04,447.36,63,28663.11,28183.68,-479.4300000000003,STOP_LOSS,483.14,450.28
BRITANNIA.NS,2024-05-10,4813.13,2024-10-11,5901.17,8,38505.04,47209.36,8704.32,STOP_LOSS,6409.61,6021.29
SUNPHARMA.NS,2024-07-05,1521.36,2024-10-11,1884.35,17,25863.12,32033.949999999997,6170.829999999998,STOP_LOSS,1983.28,1891.21
CIPLA.NS,2024-09-06,1564.37,2024-10-11,1578.88,26,40673.619999999995,41050.880000000005,377.2600000000093,STOP_LOSS,1704.25,1605.4
WIPRO.NS,2024-09-13,258.65,2024-10-11,254.01,145,37504.25,36831.45,-672.8000000000029,STOP_LOSS,276.88,255.62
TATASTEEL.NS,2024-09-27,159.2,2024-10-11,157.0,181,28815.199999999997,28417.0,-398.1999999999971,STOP_LOSS,170.79,157.07
JSWSTEEL.NS,2024-03-28,799.35,2024-10-18,989.93,50,39967.5,49496.5,9529.0,STOP_LOSS,1081.68,992.94
COLPAL.NS,2024-07-05,2775.45,2024-10-18,3297.5,9,24979.05,29677.5,4698.450000000001,STOP_LOSS,3812.71,3495.82
GAIL.NS,2024-09-27,221.82,2024-10-18,212.14,130,28836.6,27578.199999999997,-1258.4000000000015,STOP_LOSS,237.48,219.21
M&M.NS,2024-10-04,2897.95,2024-10-18,2940.62,19,55061.049999999996,55871.78,810.7300000000032,STOP_LOSS,3255.08,2963.66
LTIM.NS,2024-10-11,6143.57,2024-10-18,5894.95,10,61435.7,58949.5,-2486.199999999997,STOP_LOSS,6635.15,6061.64
GRASIM.NS,2024-08-23,2662.82,2024-10-25,2605.72,12,31953.840000000004,31268.64,-685.2000000000044,STOP_LOSS,2890.13,2624.93
DIVISLAB.NS,2024-08-30,4945.98,2024-10-25,5754.55,4,19783.92,23018.2,3234.2800000000025,STOP_LOSS,6468.06,5849.17
INFY.NS,2024-09-06,1797.73,2024-10-25,1788.17,23,41347.79,41127.91,-219.87999999999738,STOP_LOSS,1936.44,1799.73
NTPC.NS,2024-09-20,400.45,2024-10-25,386.17,80,32036.0,30893.600000000002,-1142.3999999999978,STOP_LOSS,442.41,408.37
SBIN.NS,2024-10-18,788.6,2024-10-25,765.58,88,69396.8,67371.04000000001,-2025.7599999999948,STOP_LOSS,835.54,780.78
KOTAKBANK.NS,2024-10-18,1827.14,2024-10-25,1766.81,38,69431.32,67138.78,-2292.540000000008,STOP_LOSS,1952.41,1806.26
HCLTECH.NS,2024-06-07,1326.69,2024-11-01,1693.02,26,34493.94,44018.52,9524.579999999994,STOP_LOSS,1852.17,1722.37
TECHM.NS,2024-06-07,1268.14,2024-11-01,1558.56,28,35507.920000000006,43639.68,8131.759999999995,STOP_LOSS,1740.55,1587.92
BHARTIARTL.NS,2024-10-18,1659.39,2024-11-01,1603.05,42,69694.38,67328.09999999999,-2366.2800000000134,STOP_LOSS,1762.3,1642.24
HDFCBANK.NS,2024-10-18,813.12,2024-11-14,835.09,86,69928.32,71817.74,1889.4199999999983,STOP_LOSS,895.53,843.02
LT.NS,2024-11-01,3510.53,2024-11-14,3493.67,19,66700.07,66379.73,-320.34000000001106,STOP_LOSS,3797.91,3497.91
SBIN.NS,2024-11-08,805.58,2024-11-14,788.42,78,62835.240000000005,61496.759999999995,-1338.4800000000105,STOP_LOSS,868.49,795.1
JSWSTEEL.NS,2024-11-08,966.28,2024-11-14,936.53,65,62808.2,60874.45,-1933.75,STOP_LOSS,1048.6,952.56
DIVISLAB.NS,2024-11-08,5790.12,2024-12-13,5850.06,10,57901.2,58500.600000000006,599.4000000000087,STOP_LOSS,6472.14,5899.16
ZEEL.NS,2024-11-29,122.1,2024-12-13,130.0,340,41514.0,44200.0,2686.0,STOP_LOSS,150.44,133.29
ICICIBANK.NS,2024-10-18,1228.83,2024-12-20,1278.53,57,70043.31,72876.20999999999,2832.899999999994,STOP_LOSS,1373.93,1305.11
EICHERMOT.NS,2024-11-01,4762.94,2024-12-20,4673.9,14,66681.15999999999,65434.59999999999,-1246.5599999999977,STOP_LOSS,5188.74,4722.6
HCLTECH.NS,2024-11-14,1752.11,2024-12-20,1841.33,36,63075.96,66287.88,3211.9200000000055,STOP_LOSS,1966.52,1844.3
TECHM.NS,2024-11-14,1600.36,2024-12-20,1638.64,40,64014.399999999994,65545.6,1531.2000000000116,STOP_LOSS,1810.99,1697.06
TCS.NS,2024-11-22,4005.57,2024-12-20,4030.11,13,52072.41,52391.43,319.0199999999968,STOP_LOSS,4491.57,4149.43
INFY.NS,2024-11-22,1807.12,2024-12-20,1866.9,30,54213.6,56007.0,1793.4000000000015,STOP_LOSS,2021.36,1882.87
POWERGRID.NS,2024-11-22,317.29,2024-12-20,305.66,171,54256.590000000004,52267.86000000001,-1988.729999999996,STOP_LOSS,343.82,312.87
ULTRACEMCO.NS,2024-11-22,11060.24,2024-12-20,11350.85,4,44240.96,45403.4,1162.4400000000023,STOP_LOSS,12547.35,11603.11
SBIN.NS,2024-11-29,800.33,2024-12-20,796.02,51,40816.83,40597.02,-219.81000000000495,STOP_LOSS,885.68,817.38
LT.NS,2024-11-29,3609.71,2024-12-20,3596.31,11,39706.81,39559.409999999996,-147.40000000000146,STOP_LOSS,4012.07,3730.34
HDFCBANK.NS,2024-11-29,867.37,2024-12-20,873.94,47,40766.39,41075.18,308.7900000000009,STOP_LOSS,954.7,899.91
LTIM.NS,2024-11-29,5956.39,2024-12-20,5749.52,6,35738.340000000004,34497.12,-1241.2200000000012,STOP_LOSS,6884.31,6436.18
GRASIM.NS,2024-12-06,2630.88,2024-12-20,2479.68,12,31570.56,29756.159999999996,-1814.400000000005,STOP_LOSS,2814.55,2600.27
JSWSTEEL.NS,2024-12-06,977.93,2024-12-20,914.89,32,31293.76,29276.48,-2017.2799999999988,STOP_LOSS,1047.44,966.35
TITAN.NS,2024-12-06,3380.33,2024-12-20,3346.18,9,30422.97,30115.62,-307.3500000000022,STOP_LOSS,3638.37,3393.28
BHARTIARTL.NS,2024-12-13,1627.04,2024-12-20,1565.02,19,30913.76,29735.38,-1178.3799999999974,STOP_LOSS,1749.33,1606.66
KOTAKBANK.NS,2024-12-13,1775.19,2024-12-20,1741.54,18,31953.420000000002,31347.72,-605.7000000000007,STOP_LOSS,1860.33,1761.0
ZEEL.NS,2024-12-13,125.46,2024-12-20,122.56,256,32117.76,31375.36,-742.3999999999978,STOP_LOSS,139.09,123.18
WIPRO.NS,2024-10-18,256.05,2025-01-03,283.14,273,69901.65000000001,77297.22,7395.569999999992,STOP_LOSS,310.15,288.97
POLICYBZR.NS,2024-11-14,1652.71,2025-01-10,1862.95,38,62802.98,70792.1,7989.120000000003,STOP_LOSS,2367.21,2102.33
VBL.NS,2024-11-22,592.83,2025-01-10,594.85,92,54540.36,54726.200000000004,185.84000000000378,STOP_LOSS,690.74,605.83
ITC.NS,2024-12-27,437.27,2025-01-10,430.06,147,64278.689999999995,63218.82,-1059.8699999999953,STOP_LOSS,463.53,436.83
EICHERMOT.NS,2024-12-27,4731.84,2025-01-10,4993.7,13,61513.92,64918.1,3404.1800000000003,STOP_LOSS,5483.99,5061.85
SUNPHARMA.NS,2024-12-27,1814.11,2025-01-10,1768.29,35,63493.85,61890.15,-1603.699999999997,STOP_LOSS,1903.86,1799.15
DIVISLAB.NS,2025-01-03,5882.57,2025-01-10,5745.19,10,58825.7,57451.899999999994,-1373.800000000003,STOP_LOSS,6297.52,5813.41
KOTAKBANK.NS,2025-01-03,1804.67,2025-01-10,1754.18,32,57749.44,56133.76,-1615.6800000000003,STOP_LOSS,1900.25,1788.74
ULTRACEMCO.NS,2025-01-03,11455.02,2025-01-10,10796.76,5,57275.100000000006,53983.8,-3291.300000000003,STOP_LOSS,12225.24,11326.65
M&M.NS,2024-11-08,2839.77,2025-01-17,2894.1,22,62474.94,63670.2,1195.2599999999948,STOP_LOSS,3311.11,3055.63
DRREDDY.NS,2024-12-20,1307.14,2025-01-17,1301.15,52,67971.28,67659.8,-311.4799999999959,STOP_LOSS,1443.4,1333.67
CIPLA.NS,2025-01-03,1464.58,2025-01-17,1427.06,40,58583.2,57082.399999999994,-1500.800000000003,STOP_LOSS,1556.68,1449.23
HCLTECH.NS,2025-01-03,1833.41,2025-01-17,1740.85,32,58669.12,55707.2,-2961.9200000000055,STOP_LOSS,2014.09,1852.96
HINDUNILVR.NS,2025-01-10,2359.49,2025-01-17,2311.33,24,56627.759999999995,55471.92,-1155.8399999999965,STOP_LOSS,2474.38,2340.34
INFY.NS,2025-01-10,1866.82,2025-01-17,1763.27,30,56004.6,52898.1,-3106.5,STOP_LOSS,1997.6,1845.02
LTIM.NS,2025-01-10,5903.34,2025-01-17,5814.67,9,53130.06,52332.03,-798.0299999999988,STOP_LOSS,6330.6,5832.13
RELIANCE.NS,2025-01-17,1270.76,2025-01-24,1241.34,43,54642.68,53377.619999999995,-1265.060000000005,STOP_LOSS,1349.99,1257.55
SBILIFE.NS,2025-01-17,1501.18,2025-01-24,1437.66,36,54042.48,51755.76,-2286.720000000001,STOP_LOSS,1610.36,1482.99
SUNPHARMA.NS,2025-01-24,1768.17,2025-01-31,1727.81,30,53045.100000000006,51834.299999999996,-1210.8000000000102,STOP_LOSS,1879.69,1749.58
TCS.NS,2025-01-10,4027.04,2025-02-07,3965.6,14,56378.56,55518.4,-860.1599999999962,STOP_LOSS,4312.71,3979.42
BRITANNIA.NS,2025-01-24,4923.09,2025-02-07,4807.5,11,54153.990000000005,52882.5,-1271.4900000000052,STOP_LOSS,5293.24,4890.84
COALINDIA.NS,2025-01-31,364.47,2025-02-07,358.08,127,46287.69,45476.159999999996,-811.5300000000061,STOP_LOSS,395.41,359.31
COLPAL.NS,2025-01-31,2682.86,2025-02-07,2556.49,17,45608.62,43460.329999999994,-2148.290000000008,STOP_LOSS,2918.4,2643.6
HINDUNILVR.NS,2025-01-31,2374.2,2025-02-07,2321.0,19,45109.799999999996,44099.0,-1010.7999999999956,STOP_LOSS,2523.75,2349.28
ONGC.NS,2025-01-03,240.33,2025-02-14,223.81,245,58880.850000000006,54833.45,-4047.4000000000087,STOP_LOSS,271.08,240.81
TITAN.NS,2025-01-03,3372.06,2025-02-14,3203.61,17,57325.02,54461.37,-2863.649999999994,STOP_LOSS,3638.6,3360.66
EICHERMOT.NS,2025-01-10,4863.52,2025-02-14,4643.14,11,53498.72,51074.54,-2424.1800000000003,STOP_LOSS,5563.52,5108.97
NESTLEIND.NS,2025-01-10,1094.03,2025-02-14,1093.33,52,56889.56,56853.159999999996,-36.400000000001455,STOP_LOSS,1199.34,1103.25
RELIANCE.NS,2025-02-07,1238.76,2025-02-14,1212.41,40,49550.4,48496.4,-1054.0,STOP_LOSS,1307.47,1227.3
BAJAJ-AUTO.NS,2025-02-07,8577.37,2025-02-14,8296.24,5,42886.850000000006,41481.2,-1405.6500000000087,STOP_LOSS,9146.88,8482.45
M&M.NS,2025-02-07,3076.01,2025-02-14,2919.15,16,49216.16,46706.4,-2509.760000000002,STOP_LOSS,3366.86,3027.53
MARUTI.NS,2025-01-03,11560.86,2025-02-21,12191.5,5,57804.3,60957.5,3153.199999999997,STOP_LOSS,13498.93,12467.9
BHARTIARTL.NS,2025-01-10,1573.28,2025-02-21,1625.66,36,56638.08,58523.76,1885.6800000000003,STOP_LOSS,1782.31,1643.19
DIVISLAB.NS,2025-02-07,5906.49,2025-02-21,5730.95,8,47251.92,45847.6,-1404.3199999999997,STOP_LOSS,6525.17,5803.37
TATACONSUM.NS,2025-01-10,947.24,2025-02-28,956.61,60,56834.4,57396.6,562.1999999999971,STOP_LOSS,1075.63,967.23
WIPRO.NS,2025-01-24,298.32,2025-02-28,272.29,183,54592.56,49829.07000000001,-4763.489999999991,STOP_LOSS,329.63,298.54
ULTRACEMCO.NS,2025-01-31,11119.22,2025-02-28,10064.65,4,44476.88,40258.6,-4218.279999999999,STOP_LOSS,12306.08,11013.18
SBILIFE.NS,2025-02-07,1430.38,2025-02-28,1427.78,34,48632.920000000006,48544.52,-88.40000000000873,STOP_LOSS,1552.88,1447.32
CIPLA.NS,2025-02-21,1426.24,2025-02-28,1392.62,41,58475.840000000004,57097.42,-1378.4200000000055,STOP_LOSS,1527.97,1409.29
NTPC.NS,2025-02-21,311.34,2025-02-28,305.73,188,58531.92,57477.240000000005,-1054.679999999993,STOP_LOSS,338.1,306.88
BAJAJFINSV.NS,2025-01-03,1663.83,2025-03-13,1806.57,35,58234.049999999996,63229.95,4995.9000000000015,STOP_LOSS,1966.4,1812.46
CIPLA.NS,2025-03-13,1418.02,2025-03-28,1426.96,34,48212.68,48516.64,303.9599999999991,STOP_LOSS,1555.43,1471.98
SUNPHARMA.NS,2025-03-21,1745.63,2025-03-28,1729.01,23,40149.490000000005,39767.23,-382.26000000000204,STOP_LOSS,1844.67,1729.13
JSWSTEEL.NS,2025-02-07,953.19,2025-04-04,1003.05,52,49565.880000000005,52158.6,2592.719999999994,STOP_LOSS,1099.69,1022.98
TATASTEEL.NS,2025-02-07,131.38,2025-04-04,137.19,377,49530.259999999995,51720.63,2190.3700000000026,STOP_LOSS,161.77,147.64
RELIANCE.NS,2025-03-07,1220.84,2025-04-04,1199.91,53,64704.52,63595.23,-1109.2899999999936,STOP_LOSS,1318.59,1235.78
COALINDIA.NS,2025-03-07,350.3,2025-04-04,364.51,185,64805.5,67434.34999999999,2628.8499999999913,STOP_LOSS,403.79,368.77
LT.NS,2025-03-21,3316.4,2025-04-04,3230.03,12,39796.8,38760.36,-1036.4400000000023,STOP_LOSS,3612.42,3345.74
BAJAJFINSV.NS,2025-03-28,1960.58,2025-04-04,1911.37,12,23526.96,22936.44,-590.5200000000004,STOP_LOSS,2097.96,1937.68
ONGC.NS,2025-03-28,232.89,2025-04-04,219.45,101,23521.89,22164.449999999997,-1357.4400000000023,STOP_LOSS,251.91,229.72
ICICIBANK.NS,2025-03-13,1222.65,2025-04-11,1301.61,39,47683.350000000006,50762.78999999999,3079.439999999988,STOP_LOSS,1386.55,1301.63
GAIL.NS,2025-03-21,169.16,2025-04-11,170.73,246,41613.36,41999.579999999994,386.2199999999939,STOP_LOSS,193.81,173.12
VBL.NS,2025-03-21,516.26,2025-04-25,520.94,80,41300.8,41675.200000000004,374.40000000000146,STOP_LOSS,592.11,528.35
EICHERMOT.NS,2025-03-07,4909.48,2025-05-02,5370.36,13,63823.23999999999,69814.68,5991.440000000002,STOP_LOSS,5905.45,5381.09
ULTRACEMCO.NS,2025-03-28,11213.52,2025-05-02,11539.85,2,22427.04,23079.7,652.6599999999999,STOP_LOSS,12786.09,11690.3
COLPAL.NS,2025-04-17,2453.15,2025-05-02,2483.87,11,26984.65,27322.57,337.91999999999825,STOP_LOSS,2759.3,2505.76
JSWSTEEL.NS,2025-04-25,990.56,2025-05-02,964.9,24,23773.44,23157.6,-615.8400000000001,STOP_LOSS,1095.79,973.02
KOTAKBANK.NS,2025-01-24,1838.25,2025-05-09,2100.68,29,53309.25,60919.719999999994,7610.469999999994,STOP_LOSS,2318.31,2114.52
NESTLEIND.NS,2025-03-07,1090.03,2025-05-09,1157.83,59,64311.77,68311.97,4000.2000000000044,STOP_LOSS,1262.38,1158.89
NTPC.NS,2025-03-07,313.83,2025-05-09,328.61,207,64962.81,68022.27,3059.4600000000064,STOP_LOSS,378.58,341.37
ASIANPAINT.NS,2025-03-21,2230.65,2025-05-09,2275.03,18,40151.700000000004,40950.54,798.8399999999965,STOP_LOSS,2562.39,2350.88
GRASIM.NS,2025-03-21,2412.45,2025-05-09,2625.25,17,41011.649999999994,44629.25,3617.600000000006,STOP_LOSS,2881.5,2652.59
SUNPHARMA.NS,2025-03-28,1694.66,2025-05-09,1739.08,13,22030.58,22608.04,577.4599999999991,STOP_LOSS,1909.04,1750.79
ICICIBANK.NS,2025-04-17,1366.87,2025-05-09,1378.27,21,28704.269999999997,28943.67,239.40000000000146,STOP_LOSS,1473.18,1378.62
MARUTI.NS,2025-05-02,11978.71,2025-05-23,12319.66,1,11978.71,12319.66,340.9500000000007,STOP_LOSS,13515.01,12361.49
COLPAL.NS,2025-05-16,2565.85,2025-05-23,2426.52,13,33356.049999999996,31544.76,-1811.2899999999972,STOP_LOSS,2765.31,2532.6
GRASIM.NS,2025-05-16,2734.17,2025-05-23,2649.76,12,32810.04,31797.120000000003,-1012.9199999999983,STOP_LOSS,2913.77,2704.23
POWERGRID.NS,2025-03-21,270.14,2025-05-30,283.73,154,41601.56,43694.420000000006,2092.860000000008,STOP_LOSS,319.86,289.62
M&M.NS,2025-04-25,2754.97,2025-05-30,2953.07,8,22039.76,23624.56,1584.800000000003,STOP_LOSS,3298.98,2969.33
ULTRACEMCO.NS,2025-05-16,11578.46,2025-05-30,11139.39,2,23156.92,22278.78,-878.1399999999994,STOP_LOSS,12333.11,11452.69
TCS.NS,2025-05-16,3429.72,2025-06-06,3360.22,9,30867.48,30241.98,-625.5,STOP_LOSS,3655.29,3392.13
HDFCBANK.NS,2025-02-28,840.45,2025-06-13,946.01,81,68076.45,76626.81,8550.36,STOP_LOSS,1003.91,955.34
ADANIPORTS.NS,2025-03-07,1104.3,2025-06-13,1405.0,58,64049.399999999994,81490.0,17440.600000000006,STOP_LOSS,1526.17,1418.37
SBIN.NS,2025-03-21,725.95,2025-06-13,792.35,57,41379.15,45163.950000000004,3784.800000000003,STOP_LOSS,836.26,795.64
TATACONSUM.NS,2025-03-28,974.27,2025-06-13,1078.4,24,23382.48,25881.600000000002,2499.1200000000026,STOP_LOSS,1216.92,1094.91
ITC.NS,2025-04-11,406.57,2025-06-13,413.9,88,35778.159999999996,36423.2,645.0400000000009,STOP_LOSS,440.58,416.23
TITAN.NS,2025-04-11,3135.65,2025-06-13,3411.63,11,34492.15,37527.93,3035.779999999999,STOP_LOSS,3780.12,3504.8
TATASTEEL.NS,2025-05-16,150.02,2025-06-13,152.13,226,33904.520000000004,34381.38,476.8599999999933,STOP_LOSS,167.14,153.34
GAIL.NS,2025-04-17,178.47,2025-06-20,180.81,161,28733.67,29110.41,376.7400000000016,STOP_LOSS,201.0,182.07
COALINDIA.NS,2025-04-25,361.29,2025-06-20,368.3,66,23845.140000000003,24307.8,462.6599999999962,STOP_LOSS,400.9,369.94
DRREDDY.NS,2025-04-25,1124.74,2025-06-20,1316.95,21,23619.54,27655.95,4036.41,STOP_LOSS,1400.57,1318.92
POLICYBZR.NS,2025-03-21,1525.73,2025-06-27,1819.9,27,41194.71,49137.3,7942.590000000004,STOP_LOSS,2040.04,1824.19
SBILIFE.NS,2025-03-21,1512.06,2025-07-04,1799.7,27,40825.619999999995,48591.9,7766.280000000006,STOP_LOSS,1916.37,1801.27
KOTAKBANK.NS,2025-05-16,2056.91,2025-07-04,2127.35,16,32910.56,34037.6,1127.0400000000009,STOP_LOSS,2277.6,2151.17
BHARTIARTL.NS,2025-03-21,1673.78,2025-07-11,1905.97,24,40170.72,45743.28,5572.559999999998,STOP_LOSS,2078.41,1959.21
LT.NS,2025-05-02,3228.87,2025-07-11,3540.6,7,22602.09,24784.2,2182.1100000000006,STOP_LOSS,3813.19,3578.71
HCLTECH.NS,2025-05-02,1501.66,2025-07-11,1612.69,15,22524.9,24190.350000000002,1665.4500000000007,STOP_LOSS,1776.5,1664.85
TECHM.NS,2025-05-02,1407.11,2025-07-11,1585.89,16,22513.76,25374.24,2860.480000000003,STOP_LOSS,1722.59,1592.77
LTIM.NS,2025-05-09,4419.55,2025-07-11,5185.61,8,35356.4,41484.88,6128.479999999996,STOP_LOSS,5635.81,5236.68
BAJAJ-AUTO.NS,2025-05-16,8086.31,2025-07-11,8067.0,4,32345.24,32268.0,-77.2400000000016,STOP_LOSS,8964.73,8195.11
INFY.NS,2025-05-16,1509.73,2025-07-11,1570.85,22,33214.06,34558.7,1344.6399999999994,STOP_LOSS,1671.99,1573.94
WIPRO.NS,2025-06-13,250.91,2025-07-11,253.32,171,42905.61,43317.72,412.1100000000006,STOP_LOSS,273.77,258.14
GRASIM.NS,2025-06-20,2649.79,2025-07-11,2751.99,16,42396.64,44031.84,1635.199999999997,STOP_LOSS,2969.43,2761.71
TITAN.NS,2025-06-27,3589.06,2025-07-11,3361.6,10,35890.6,33616.0,-2274.5999999999985,STOP_LOSS,3793.91,3587.28
GAIL.NS,2025-07-04,188.31,2025-07-11,180.85,159,29941.29,28755.149999999998,-1186.140000000003,STOP_LOSS,200.28,186.32
RELIANCE.NS,2025-04-17,1236.79,2025-07-18,1470.13,23,28446.17,33812.990000000005,5366.820000000007,STOP_LOSS,1570.68,1484.13
MARUTI.NS,2025-06-20,12434.42,2025-07-18,12286.02,3,37303.26,36858.06,-445.20000000000437,STOP_LOSS,13093.29,12324.61
HDFCBANK.NS,2025-06-27,991.93,2025-07-18,976.27,39,38685.27,38074.53,-610.739999999998,STOP_LOSS,1030.98,985.42
KOTAKBANK.NS,2025-07-11,2177.58,2025-07-18,2140.5,21,45729.18,44950.5,-778.6800000000003,STOP_LOSS,2298.98,2157.34
BPCL.NS,2025-03-13,247.2,2025-07-25,321.28,197,48698.399999999994,63292.159999999996,14593.760000000002,STOP_LOSS,349.97,322.22
BRITANNIA.NS,2025-03-28,4768.54,2025-07-25,5521.64,4,19074.16,22086.56,3012.4000000000015,STOP_LOSS,5916.89,5571.54
HINDUNILVR.NS,2025-04-11,2271.28,2025-07-25,2396.56,15,34069.200000000004,35948.4,1879.199999999997,STOP_LOSS,2578.33,2441.16
ZEEL.NS,2025-04-11,96.09,2025-07-25,121.16,373,35841.57,45192.68,9351.11,STOP_LOSS,154.9,131.23
DIVISLAB.NS,2025-04-25,5727.35,2025-07-25,6616.5,4,22909.4,26466.0,3556.5999999999985,STOP_LOSS,7129.04,6684.81
NESTLEIND.NS,2025-05-16,1177.06,2025-07-25,1137.3,28,32957.68,31844.399999999998,-1113.2800000000025,STOP_LOSS,1274.9,1207.0
EICHERMOT.NS,2025-06-20,5364.05,2025-07-25,5363.45,8,42912.4,42907.6,-4.80000000000291,STOP_LOSS,5765.46,5454.12
SBIN.NS,2025-06-27,794.15,2025-07-25,806.55,49,38913.35,39520.95,607.5999999999985,STOP_LOSS,844.52,807.47
ASIANPAINT.NS,2025-06-27,2318.57,2025-07-25,2332.56,16,37097.12,37320.96,223.8399999999965,STOP_LOSS,2536.36,2359.68
NTPC.NS,2025-07-11,331.23,2025-07-25,327.08,143,47365.89,46772.439999999995,-593.4500000000044,STOP_LOSS,346.76,328.65
ITC.NS,2025-07-18,418.67,2025-07-25,409.4,120,50240.4,49128.0,-1112.4000000000015,STOP_LOSS,430.9,416.64
BAJAJFINSV.NS,2025-04-04,1863.55,2025-08-01,1916.3,17,31680.35,32577.1,896.75,STOP_LOSS,2164.81,1954.27
ADANIPORTS.NS,2025-06-27,1407.18,2025-08-01,1347.1,27,37993.86,36371.7,-1622.1600000000035,STOP_LOSS,1506.24,1390.67
TATASTEEL.NS,2025-06-27,158.33,2025-08-01,153.01,246,38949.18,37640.46,-1308.7200000000012,STOP_LOSS,169.6,158.06
BHARTIARTL.NS,2025-07-25,1906.1,2025-08-01,1884.4,35,66713.5,65954.0,-759.5,STOP_LOSS,2001.49,1890.21
ICICIBANK.NS,2025-05-16,1415.2,2025-08-08,1424.91,24,33964.8,34197.840000000004,233.04000000000087,STOP_LOSS,1500.65,1439.65
M&M.NS,2025-06-20,3088.71,2025-08-08,3144.2,14,43241.94,44018.799999999996,776.8599999999933,STOP_LOSS,3380.89,3145.54
BRITANNIA.NS,2025-08-01,5627.25,2025-08-08,5387.0,12,67527.0,64644.0,-2883.0,STOP_LOSS,5914.49,5579.38
HDFCBANK.NS,2025-07-25,989.29,2025-08-22,982.3,68,67271.72,66796.4,-475.320000000007,STOP_LOSS,1028.32,982.79
VBL.NS,2025-07-18,473.91,2025-08-29,487.15,106,50234.46,51637.899999999994,1403.439999999995,STOP_LOSS,541.69,497.78
SBIN.NS,2025-08-14,815.98,2025-08-29,802.5,73,59566.54,58582.5,-984.0400000000009,STOP_LOSS,847.69,810.69
M&M.NS,2025-08-14,3195.04,2025-08-29,3199.5,18,57510.72,57591.0,80.27999999999884,STOP_LOSS,3545.0,3296.5
NTPC.NS,2025-08-14,327.61,2025-08-29,321.54,183,59952.630000000005,58841.82000000001,-1110.8099999999977,STOP_LOSS,344.14,324.86
SBILIFE.NS,2025-08-14,1806.79,2025-08-29,1805.5,33,59624.07,59581.5,-42.56999999999971,STOP_LOSS,1927.23,1807.83
POLICYBZR.NS,2025-08-22,1856.83,2025-08-29,1770.8,23,42707.09,40728.4,-1978.689999999995,STOP_LOSS,2019.94,1829.64
LT.NS,2025-08-14,3609.93,2025-09-05,3553.6,16,57758.88,56857.6,-901.2799999999988,STOP_LOSS,3811.14,3576.39
TITAN.NS,2025-08-22,3561.63,2025-09-12,3571.9,12,42739.56,42862.8,123.24000000000524,STOP_LOSS,3782.14,3577.67
ASIANPAINT.NS,2025-08-01,2380.74,2025-09-19,2477.83,29,69041.45999999999,71857.06999999999,2815.6100000000006,STOP_LOSS,2663.86,2509.9
HINDUNILVR.NS,2025-08-01,2480.98,2025-09-19,2539.64,27,66986.46,68570.28,1583.8199999999924,STOP_LOSS,2759.14,2548.99
CIPLA.NS,2025-04-17,1449.48,2025-09-26,1499.4,19,27540.12,28488.600000000002,948.4800000000032,STOP_LOSS,1647.4,1551.85
ULTRACEMCO.NS,2025-06-27,11909.3,2025-09-26,12070.0,3,35727.899999999994,36210.0,482.1000000000058,STOP_LOSS,13095.43,12298.43
GRASIM.NS,2025-08-14,2709.25,2025-09-26,2746.8,22,59603.5,60429.600000000006,826.1000000000058,STOP_LOSS,2961.59,2815.14
BHARTIARTL.NS,2025-08-22,1901.51,2025-09-26,1916.6,22,41833.22,42165.2,331.9799999999959,STOP_LOSS,2017.91,1920.76
BAJAJ-AUTO.NS,2025-08-22,8495.36,2025-09-26,8702.0,5,42476.8,43510.0,1033.199999999997,STOP_LOSS,9502.5,8771.0
DRREDDY.NS,2025-08-22,1253.06,2025-09-26,1253.1,34,42604.04,42605.399999999994,1.3599999999933061,STOP_LOSS,1368.09,1286.91
BRITANNIA.NS,2025-08-29,5674.54,2025-09-26,5920.5,8,45396.32,47364.0,1967.6800000000003,STOP_LOSS,6528.57,6035.82
BAJAJFINSV.NS,2025-09-05,1979.85,2025-09-26,2003.2,24,47516.399999999994,48076.8,560.4000000000087,STOP_LOSS,2141.99,2036.14
COLPAL.NS,2025-09-05,2330.38,2025-09-26,2200.5,21,48937.98,46210.5,-2727.480000000003,STOP_LOSS,2531.35,2296.89
M&M.NS,2025-09-05,3462.19,2025-09-26,3396.5,14,48470.66,47551.0,-919.6600000000035,STOP_LOSS,3791.04,3439.04
INFY.NS,2025-09-12,1468.56,2025-09-26,1427.05,26,38182.56,37103.299999999996,-1079.260000000002,STOP_LOSS,1577.32,1471.72
LTIM.NS,2025-09-12,5187.78,2025-09-26,5055.12,7,36314.46,35385.84,-928.6200000000026,STOP_LOSS,5720.44,5313.54
TCS.NS,2025-09-19,3112.97,2025-09-26,2888.33,11,34242.67,31771.629999999997,-2471.040000000001,STOP_LOSS,3246.34,3090.74
GAIL.NS,2025-09-19,178.29,2025-09-26,172.02,205,36549.45,35264.1,-1285.3499999999985,STOP_LOSS,188.37,176.61
SUNPHARMA.NS,2025-09-19,1633.66,2025-09-26,1586.7,22,35940.520000000004,34907.4,-1033.1200000000026,STOP_LOSS,1700.69,1622.49
TECHM.NS,2025-09-19,1512.17,2025-09-26,1393.11,24,36292.08,33434.64,-2857.4400000000023,STOP_LOSS,1588.76,1499.4
WIPRO.NS,2025-09-19,251.2,2025-09-26,235.75,145,36424.0,34183.75,-2240.25,STOP_LOSS,265.23,248.86
MARUTI.NS,2025-08-08,12362.0,2025-10-03,15806.0,5,61810.0,79030.0,17220.0,STOP_LOSS,16813.86,15890.11
COALINDIA.NS,2025-08-14,363.5,2025-10-03,373.24,165,59977.5,61584.6,1607.0999999999985,STOP_LOSS,396.09,374.84
SBILIFE.NS,2025-09-19,1805.08,2025-10-03,1785.1,20,36101.6,35702.0,-399.59999999999854,STOP_LOSS,1914.94,1786.77
INFY.NS,2025-10-10,1463.85,2025-10-17,1419.37,39,57090.149999999994,55355.42999999999,-1734.7200000000012,STOP_LOSS,1548.47,1449.75
WIPRO.NS,2025-10-10,244.11,2025-10-17,240.9,234,57121.740000000005,56370.6,-751.1400000000067,STOP_LOSS,257.87,241.82
EICHERMOT.NS,2025-08-08,5552.24,2025-10-24,6840.0,11,61074.64,75240.0,14165.36,STOP_LOSS,7278.57,6873.32
ADANIPORTS.NS,2025-09-12,1367.71,2025-10-24,1429.0,28,38295.880000000005,40012.0,1716.1199999999953,STOP_LOSS,1531.06,1440.66
ICICIBANK.NS,2025-10-17,1418.83,2025-10-24,1377.7,16,22701.28,22043.2,-658.0799999999981,STOP_LOSS,1472.14,1409.94
HINDUNILVR.NS,2025-10-17,2541.37,2025-10-24,2496.77,9,22872.329999999998,22470.93,-401.3999999999978,STOP_LOSS,2667.45,2520.35
KOTAKBANK.NS,2025-10-03,2065.29,2025-10-31,2102.2,30,61958.7,63065.99999999999,1107.2999999999956,STOP_LOSS,2282.13,2148.55
BAJAJ-AUTO.NS,2025-10-10,8764.79,2025-10-31,8892.5,6,52588.740000000005,53355.0,766.2599999999948,STOP_LOSS,9470.0,8910.88
CIPLA.NS,2025-10-10,1531.01,2025-10-31,1501.3,37,56647.37,55548.1,-1099.270000000004,STOP_LOSS,1649.27,1535.75
M&M.NS,2025-10-10,3380.49,2025-10-31,3487.2,16,54087.84,55795.2,1707.3600000000006,STOP_LOSS,3780.46,3547.26
BAJAJFINSV.NS,2025-10-17,2049.03,2025-10-31,2088.3,11,22539.33,22971.300000000003,431.97000000000116,STOP_LOSS,2234.0,2103.63
BRITANNIA.NS,2025-10-17,5968.96,2025-10-31,5836.5,3,17906.88,17509.5,-397.380000000001,STOP_LOSS,6311.07,5911.95
DRREDDY.NS,2025-10-24,1262.56,2025-10-31,1197.6,16,20200.96,19161.6,-1039.3600000000006,STOP_LOSS,1325.67,1252.05
HEROMOTOCO.NS,2025-04-25,3708.49,2025-11-07,5296.0,6,22250.94,31776.0,9525.060000000001,STOP_LOSS,5789.0,5371.62
LT.NS,2025-09-19,3627.61,2025-11-07,3882.5,10,36276.1,38825.0,2548.9000000000015,STOP_LOSS,4153.96,3938.61
NTPC.NS,2025-09-19,331.08,2025-11-07,326.1,110,36418.799999999996,35871.0,-547.7999999999956,STOP_LOSS,346.51,331.73
POWERGRID.NS,2025-10-03,279.7,2025-11-07,267.5,226,63212.2,60455.0,-2757.199999999997,STOP_LOSS,295.93,275.69
GRASIM.NS,2025-10-10,2759.31,2025-11-07,2724.6,20,55186.2,54492.0,-694.1999999999971,STOP_LOSS,2995.3,2814.0
ITC.NS,2025-10-17,407.33,2025-11-07,404.05,58,23625.14,23434.9,-190.23999999999796,STOP_LOSS,431.36,412.09
MARUTI.NS,2025-10-17,16151.64,2025-11-07,15479.0,1,16151.64,15479.0,-672.6399999999994,STOP_LOSS,16899.71,16026.96
COALINDIA.NS,2025-10-17,373.52,2025-11-07,376.0,63,23531.76,23688.0,156.2400000000016,STOP_LOSS,392.28,377.19
JSWSTEEL.NS,2025-05-16,987.03,2025-11-14,1167.8,34,33559.02,39705.2,6146.18,STOP_LOSS,1252.23,1171.33
TATASTEEL.NS,2025-09-05,164.25,2025-11-14,174.26,299,49110.75,52103.74,2992.989999999998,STOP_LOSS,189.86,177.58
DIVISLAB.NS,2025-10-10,6314.79,2025-11-14,6511.5,9,56833.11,58603.5,1770.3899999999994,STOP_LOSS,6978.07,6557.95
BRITANNIA.NS,2025-11-07,6035.07,2025-11-14,5803.5,7,42245.49,40624.5,-1620.989999999998,STOP_LOSS,6402.36,5973.86
VBL.NS,2025-11-07,457.93,2025-11-21,447.65,94,43045.42,42079.1,-966.3199999999997,STOP_LOSS,494.74,451.8
BHARTIARTL.NS,2025-10-10,1912.06,2025-11-28,2101.6,29,55449.74,60946.399999999994,5496.659999999996,STOP_LOSS,2235.74,2107.92
GAIL.NS,2025-10-10,176.04,2025-11-28,176.09,324,57036.96,57053.16,16.200000000004366,STOP_LOSS,190.64,176.85
SBILIFE.NS,2025-10-17,1812.06,2025-11-28,1966.0,13,23556.78,25558.0,2001.2200000000012,STOP_LOSS,2074.1,1983.8
COALINDIA.NS,2025-11-14,380.59,2025-11-28,376.15,122,46431.979999999996,45890.299999999996,-541.6800000000003,STOP_LOSS,399.68,377.4
ONGC.NS,2025-04-25,230.71,2025-12-05,241.23,103,23763.13,24846.69,1083.5599999999977,STOP_LOSS,257.5,243.08
NESTLEIND.NS,2025-09-05,1177.19,2025-12-05,1246.9,41,48264.79,51122.9,2858.1100000000006,STOP_LOSS,1343.04,1249.34
TITAN.NS,2025-10-10,3462.45,2025-12-05,3813.3,16,55399.2,61012.8,5613.600000000006,STOP_LOSS,4027.19,3818.09
SUNPHARMA.NS,2025-10-10,1638.63,2025-12-12,1793.5,34,55713.420000000006,60979.0,5265.5799999999945,STOP_LOSS,1877.89,1796.89
ASIANPAINT.NS,2025-10-17,2460.02,2025-12-12,2764.8,9,22140.18,24883.2,2743.0200000000004,STOP_LOSS,3057.96,2901.41
HEROMOTOCO.NS,2025-11-21,5872.96,2025-12-12,5960.0,7,41110.72,41720.0,609.2799999999988,STOP_LOSS,6572.29,6184.16
ICICIBANK.NS,2025-12-05,1375.79,2025-12-12,1366.0,30,41273.7,40980.0,-293.6999999999971,STOP_LOSS,1425.91,1367.44
HDFCBANK.NS,2025-10-10,967.31,2025-12-19,985.5,59,57071.28999999999,58144.5,1073.2100000000064,STOP_LOSS,1036.19,986.16
M&M.NS,2025-11-07,3625.28,2025-12-19,3603.6,11,39878.08,39639.6,-238.4800000000032,STOP_LOSS,3888.96,3645.08
LTIM.NS,2025-10-10,5310.3,2025-12-26,6035.5,10,53103.0,60355.0,7252.0,STOP_LOSS,6546.21,6101.34
BAJAJFINSV.NS,2025-12-05,2057.41,2025-12-26,2017.6,20,41148.2,40352.0,-796.1999999999971,STOP_LOSS,2174.67,2037.87
POLICYBZR.NS,2025-10-31,1729.39,2026-01-02,1781.8,18,31129.02,32072.399999999998,943.3799999999974,STOP_LOSS,2019.4,1854.73
BPCL.NS,2025-09-19,316.85,2026-01-09,354.15,115,36437.75,40727.25,4289.5,STOP_LOSS,395.79,370.7
RELIANCE.NS,2025-10-17,1398.98,2026-01-09,1475.3,17,23782.66,25080.1,1297.4399999999987,STOP_LOSS,1626.29,1566.81
TCS.NS,2025-10-24,3009.36,2026-01-09,3207.8,6,18056.16,19246.800000000003,1190.640000000003,STOP_LOSS,3380.66,3208.01
ADANIPORTS.NS,2025-10-24,1401.91,2026-01-09,1435.9,14,19626.74,20102.600000000002,475.8600000000006,STOP_LOSS,1567.97,1471.25
INFY.NS,2025-10-31,1455.67,2026-01-09,1614.1,22,32024.74,35510.2,3485.4599999999955,STOP_LOSS,1705.29,1619.21
LT.NS,2025-11-21,3971.11,2026-01-09,4025.2,11,43682.21,44277.2,594.989999999998,STOP_LOSS,4245.8,4101.6
DRREDDY.NS,2025-11-28,1240.19,2026-01-09,1210.1,38,47127.22,45983.799999999996,-1143.4200000000055,STOP_LOSS,1316.63,1251.3
WIPRO.NS,2025-11-28,245.75,2026-01-09,261.95,192,47184.0,50294.399999999994,3110.399999999994,STOP_LOSS,274.65,263.35
MARUTI.NS,2025-12-05,16022.21,2026-01-09,16501.0,2,32044.42,33002.0,957.5800000000017,STOP_LOSS,17343.57,16672.32
GRASIM.NS,2025-12-12,2796.04,2026-01-09,2776.9,14,39144.56,38876.6,-267.9599999999991,STOP_LOSS,2930.66,2800.71
BHARTIARTL.NS,2025-12-26,2075.31,2026-01-09,2027.1,20,41506.2,40542.0,-964.1999999999971,STOP_LOSS,2165.57,2060.27
HDFCBANK.NS,2026-01-02,991.69,2026-01-09,939.0,40,39667.600000000006,37560.0,-2107.600000000006,STOP_LOSS,1021.42,986.73
M&M.NS,2026-01-02,3748.41,2026-01-09,3677.3,10,37484.1,36773.0,-711.0999999999985,STOP_LOSS,3910.37,3721.42
NTPC.NS,2026-01-02,347.26,2026-01-09,336.0,116,40282.159999999996,38976.0,-1306.1599999999962,STOP_LOSS,361.79,344.84
TATASTEEL.NS,2026-01-02,180.05,2026-01-09,178.4,225,40511.25,40140.0,-371.25,STOP_LOSS,188.54,178.64
HEROMOTOCO.NS,2026-01-02,5815.14,2026-01-12,5726.5,6,34890.840000000004,34359.0,-531.8400000000038,STOP_LOSS,6168.71,5756.21
