date,buy_signals,hold_signals,sell_signals,capital,unrealized_pnl,realized_pnl,total_pnl,total_value,return_percent,positions_count
2023-03-17,10,20,16,507176.52,10859.96,0.0,10859.96,518036.48,1.09,10
2023-03-24,7,24,15,432052.15,7011.8,0.0,7011.8,439063.95,0.7,13
2023-03-31,14,23,9,270536.2,17341.85,4364.53,21706.38,287878.05,2.17,20
2023-04-06,19,26,1,261633.77,22424.42,5707.48,28131.9,284058.19,2.81,24
2023-04-13,28,18,0,147903.54,27265.84,10518.81,37784.65,175169.38,3.78,33
2023-04-21,18,19,9,296238.63,20903.22,6031.79,26935.01,317141.85,2.69,31
2023-04-28,24,20,2,253088.41,37180.38,11272.37,48452.75,290268.79,4.85,34
2023-05-05,31,13,2,282342.36,37806.11,18201.7,56007.81,320148.47,5.6,35
2023-05-12,29,14,3,240583.27,35193.08,28944.16,64137.24,275776.35,6.41,37
2023-05-19,15,23,8,356003.91,25512.32,32726.11,58238.43,381516.23,5.82,32
2023-05-26,18,26,2,329956.81,31310.63,42907.15,74217.78,361267.44,7.42,33
2023-06-02,25,17,4,295251.42,30826.83,49133.28,79960.11,326078.25,8.0,34
2023-06-09,19,20,7,321584.33,26882.29,50912.47,77794.76,348466.62,7.78,32
2023-06-16,24,18,4,258610.46,33120.13,66537.87,99658.0,291730.59,9.97,33
2023-06-23,20,19,7,395681.77,20556.04,68844.49,89400.53,416237.81,8.94,27
2023-06-30,24,20,2,232759.42,35377.16,77739.34,113116.5,268136.58,11.31,34
2023-07-07,39,6,1,86162.69,35869.91,94024.04,129893.95,122032.6,12.99,40
2023-07-14,27,17,2,209566.66,38835.78,104707.02,143542.8,248402.44,14.35,38
2023-07-21,26,17,3,256501.73,42665.55,109241.86,151907.41,299167.28,15.19,37
2023-07-28,20,19,7,389975.77,26262.67,144283.15,170545.82,416238.44,17.05,30
2023-08-04,20,15,11,419557.03,26396.93,139999.37,166396.3,445953.96,16.64,28
2023-08-11,13,19,14,473966.82,32394.11,145949.97,178344.08,506360.93,17.83,26
2023-08-18,12,25,9,522755.32,29213.09,149364.05,178577.14,551968.41,17.86,24
2023-08-25,6,35,5,531784.89,25048.48,148892.95,173941.43,556833.37,17.39,23
2023-09-01,18,23,5,404493.87,33414.33,157560.13,190974.46,437908.2,19.1,27
2023-09-08,29,16,1,288082.52,41219.04,178691.33,219910.37,329301.56,21.99,31
2023-09-15,31,13,2,173914.18,44897.84,191031.18,235929.02,218812.02,23.59,38
2023-09-22,14,23,9,474815.72,28754.2,189296.58,218050.78,503569.92,21.81,27
2023-09-29,6,30,10,606583.53,28505.19,191165.2,219670.39,635088.72,21.97,22
2023-10-06,9,29,8,606927.08,20814.05,194907.87,215721.92,627741.13,21.57,21
2023-10-13,17,22,7,513835.68,30364.77,194398.14,224762.91,544200.45,22.48,24
2023-10-20,20,19,7,419751.64,29667.86,198750.37,228418.23,449419.5,22.84,26
2023-10-27,5,13,28,783797.96,16735.65,191399.95,208135.6,800533.61,20.81,14
2023-11-03,6,23,17,712943.24,21468.69,192353.88,213822.57,734411.93,21.38,15
2023-11-10,20,25,1,324964.63,29281.23,203489.49,232770.72,354245.86,23.28,23
2023-11-17,33,10,3,147685.9,41756.65,219102.45,260859.1,189442.55,26.09,34
2023-11-24,26,18,2,226094.2,36934.23,228386.82,265321.05,263028.43,26.53,36
2023-12-01,36,10,0,110133.47,52983.11,252591.4,305574.51,163116.58,30.56,43
2023-12-08,41,5,0,99659.28,52982.78,291485.35,344468.13,152642.06,34.45,46
2023-12-15,30,15,1,227843.43,59193.49,319362.1,378555.59,287036.92,37.86,42
2023-12-22,28,17,1,398525.32,40233.8,344973.74,385207.54,438759.12,38.52,38
2023-12-29,29,17,0,349091.92,49096.1,365767.67,414863.77,398188.02,41.49,39
2024-01-05,29,16,1,451767.01,52289.97,370510.21,422800.18,504056.98,42.28,33
2024-01-12,17,27,2,537171.71,54172.96,375499.74,429672.7,591344.67,42.97,29
2024-01-19,25,13,8,433394.1,56905.31,390655.71,447561.02,490299.41,44.76,31
2024-01-25,22,12,12,513442.57,57667.1,388143.96,445811.06,571109.67,44.58,29
2024-02-02,29,9,8,377832.1,70852.98,427348.44,498201.42,448685.08,49.82,31
2024-02-09,22,16,8,428142.98,62859.19,461623.02,524482.21,491002.17,52.45,32
2024-02-16,20,20,6,507060.64,73383.93,481390.38,554774.31,580444.57,55.48,31
2024-02-23,27,17,2,461051.13,78850.86,489468.27,568319.13,539901.99,56.83,33
2024-03-01,19,21,6,516229.94,84904.35,490623.6,575527.95,601134.29,57.55,31
2024-03-07,22,15,9,530199.26,88018.3,496462.76,584481.06,618217.56,58.45,31
2024-03-15,8,28,10,856433.32,43887.28,511511.82,555399.1,900320.6,55.54,18
2024-03-22,9,25,12,757998.02,44357.98,519422.2,563780.18,802356.0,56.38,19
2024-03-28,23,12,11,282996.28,64297.64,518807.18,583104.82,347293.92,58.31,31
2024-04-05,25,15,6,329827.67,61800.44,538838.37,600638.81,391628.11,60.06,32
2024-04-12,14,22,10,594390.83,53734.36,545559.61,599293.97,648125.19,59.93,26
2024-04-19,8,16,22,795739.41,39302.52,549982.17,589284.69,835041.93,58.93,20
2024-04-26,15,20,11,755034.47,58157.84,550595.13,608752.97,813192.31,60.88,19
2024-05-03,22,20,4,476717.02,61693.18,564499.37,626192.55,538410.2,62.62,25
2024-05-10,9,21,16,737981.07,36415.17,567541.53,603956.7,774396.24,60.4,19
2024-05-17,17,21,8,553998.77,49339.1,581374.02,630713.12,603337.87,63.07,24
2024-05-24,29,15,2,338253.93,74403.99,585164.42,659568.41,412657.92,65.96,32
2024-05-31,12,19,15,757882.77,37482.87,594476.58,631959.45,795365.64,63.2,22
2024-06-07,28,14,4,132368.24,63012.03,618772.24,681784.27,195380.27,68.18,34
2024-06-14,30,15,1,196872.64,75189.56,629581.52,704771.08,272062.2,70.48,38
2024-06-21,18,22,6,421283.46,69081.12,625301.31,694382.43,490364.58,69.44,33
2024-06-28,22,22,2,516390.59,77729.61,640214.75,717944.36,594120.2,71.79,31
2024-07-05,33,12,1,326527.44,96494.74,644515.78,741010.52,423022.18,74.1,38
2024-07-12,31,13,2,371660.42,102604.08,664015.39,766619.47,474264.5,76.66,39
2024-07-19,21,21,4,466882.27,94434.71,672065.13,766499.84,561316.98,76.65,36
2024-07-26,26,16,4,465618.43,106245.45,696606.5,802851.95,571863.88,80.29,34
2024-08-02,24,17,5,544493.2,87764.44,721781.87,809546.31,632257.64,80.95,32
2024-08-09,11,21,14,767844.64,75630.41,721487.14,797117.55,843475.05,79.71,26
2024-08-16,14,22,10,680826.45,70023.49,745094.66,815118.15,750849.94,81.51,27
2024-08-23,24,20,2,447377.82,85506.91,749169.3,834676.21,532884.73,83.47,34
2024-08-30,29,17,0,367609.12,87347.03,787712.05,875059.08,454956.15,87.51,38
2024-09-06,14,17,15,757789.09,64236.69,794740.21,858976.9,822025.78,85.9,27
2024-09-13,20,17,9,558424.92,80654.18,815211.81,895865.99,639079.1,89.59,30
2024-09-20,28,11,7,420119.96,87584.64,825703.28,913287.92,507704.6,91.33,35
2024-09-27,28,15,3,403256.22,81961.89,847110.33,929072.22,485218.11,92.91,37
2024-10-04,7,30,9,1186552.81,38301.55,838868.98,877170.53,1224854.36,87.72,15
2024-10-11,6,16,24,1321367.82,41578.43,843925.52,885503.95,1362946.25,88.55,11
2024-10-18,11,16,19,1104029.17,31003.42,851120.59,882124.01,1135032.59,88.21,12
2024-10-25,3,7,36,1441129.61,25497.64,841732.04,867229.68,1466627.25,86.72,6
2024-11-01,3,15,28,1460805.59,14267.65,851837.98,866105.63,1475073.24,86.61,5
2024-11-08,7,21,18,1175356.7,22064.74,851837.98,873902.72,1197421.44,87.39,9
2024-11-14,4,8,34,1257152.88,11583.56,849783.67,861367.23,1268736.44,86.14,8
2024-11-22,10,16,20,954662.65,35906.1,849783.67,885689.77,990568.75,88.57,13
2024-11-29,13,26,7,734833.14,35775.96,860396.03,896171.99,770609.1,89.62,18
2024-12-06,17,23,6,646447.55,68461.12,877574.33,946035.45,714908.67,94.6,21
2024-12-13,20,14,12,652866.27,76130.7,881866.05,957996.75,728996.97,95.8,22
2024-12-20,1,13,32,1543051.61,17253.27,877346.47,894599.74,1560304.88,89.46,5
2024-12-27,4,14,28,1314190.03,29252.08,877346.47,906598.55,1343442.11,90.66,8
2025-01-03,15,24,7,762629.62,38637.95,893837.98,932475.93,801267.57,93.25,16
2025-01-10,14,12,20,787817.35,27279.47,877840.45,905119.92,815096.82,90.51,16
2025-01-17,5,20,21,1137015.14,13188.03,867541.2,880729.23,1150203.17,88.07,11
2025-01-24,9,26,11,1012111.79,21591.04,863431.78,885022.82,1033702.83,88.5,13
2025-01-31,11,23,12,871324.43,35823.86,862019.18,897843.04,907148.29,89.78,16
2025-02-07,17,24,5,748563.57,41956.14,863293.2,905249.34,790519.71,90.52,18
2025-02-14,4,17,25,1184696.05,23216.31,845354.2,868570.51,1207912.36,86.86,11
2025-02-21,6,9,31,1221203.89,27582.55,843999.24,871581.79,1248786.44,87.16,10
2025-02-28,3,8,35,1497294.33,13506.53,832045.11,845551.64,1510800.86,84.56,5
2025-03-07,8,15,23,1024847.12,28512.17,839791.1,868303.27,1053359.29,86.83,11
2025-03-13,10,23,13,940306.59,21009.01,846071.66,867080.67,961315.6,86.71,13
2025-03-21,24,17,5,214044.67,57566.7,884201.14,941767.84,271611.37,94.18,24
2025-03-28,28,14,4,328775.55,62389.46,896137.9,958527.36,391165.01,95.85,28
2025-04-04,11,17,18,687209.73,37261.17,886405.56,923666.73,724470.9,92.37,22
2025-04-11,13,16,17,647224.23,57129.34,889495.21,946624.55,704353.57,94.66,24
2025-04-17,29,9,8,492537.01,91033.31,923438.32,1014471.63,583570.32,101.45,29
2025-04-25,33,13,0,390878.53,81333.6,932292.88,1013626.48,472212.13,101.36,35
2025-05-02,13,31,2,451443.11,73897.98,938940.1,1012838.08,525341.09,101.28,35
2025-05-09,12,27,7,761083.14,57601.07,945122.0,1002723.07,818684.21,100.27,29
2025-05-16,30,14,2,176419.26,99474.23,982378.56,1081852.79,275893.49,108.19,40
2025-05-23,14,27,5,294858.14,91280.56,978893.81,1070174.37,386138.7,107.02,37
2025-05-30,11,22,13,443399.43,81324.87,982741.31,1064066.18,524724.3,106.41,34
2025-06-06,10,28,8,501372.55,92046.54,987027.83,1079074.37,593419.09,107.91,33
2025-06-13,13,25,8,821397.09,66915.65,1008100.94,1075016.59,888312.74,107.5,27
2025-06-20,15,20,11,757372.45,74823.92,1009866.42,1084690.34,832196.37,108.47,28
2025-06-27,22,22,2,532527.14,80269.29,1031085.54,1111354.83,612796.43,111.14,34
2025-07-04,26,17,3,592583.08,74707.87,1041439.02,1116146.89,667290.95,111.61,33
2025-07-11,7,27,12,954750.16,46931.73,1044772.53,1091704.26,1001681.89,109.17,24
2025-07-18,11,24,11,1010273.65,52777.03,1044527.85,1097304.88,1063050.68,109.73,22
2025-07-25,6,19,21,1397482.94,14544.21,1059063.54,1073607.75,1412027.15,107.36,13
2025-08-01,5,12,29,1341765.35,17120.47,1057615.48,1074735.95,1358885.82,107.47,12
2025-08-08,7,20,19,1341207.09,11874.61,1060770.42,1072645.03,1353081.7,107.26,11
2025-08-14,14,23,9,879827.52,31726.86,1060770.42,1092497.28,911554.38,109.25,18
2025-08-22,17,28,1,747490.42,44283.9,1080806.15,1125090.05,791774.32,112.51,22
2025-08-29,9,24,13,1087415.73,36365.84,1074022.62,1110388.46,1123781.57,111.04,17
2025-09-05,14,11,21,794284.46,47310.23,1100042.38,1147352.61,841594.69,114.74,21
2025-09-12,16,26,4,639633.04,58248.38,1100196.43,1158444.81,697881.42,115.84,25
2025-09-19,24,21,1,435234.8,67033.08,1107991.52,1175024.6,502267.88,117.5,32
2025-09-26,9,11,26,1311845.41,29623.97,1094340.0,1123963.97,1341469.38,112.4,15
2025-10-03,8,18,20,1340263.42,34954.37,1100215.72,1135170.09,1375217.79,113.52,14
2025-10-10,25,20,1,424117.4,56769.67,1100215.72,1156985.39,480887.07,115.7,28
2025-10-17,29,14,3,246679.33,71373.05,1120023.92,1191396.97,318052.38,119.14,36
2025-10-24,28,14,4,400051.88,67206.11,1124091.71,1191297.82,467257.99,119.13,35
2025-10-31,19,18,9,651586.25,61737.76,1145940.38,1207678.14,713324.01,120.77,30
2025-11-07,12,16,18,877505.57,46642.89,1145975.72,1192618.61,924148.46,119.26,25
2025-11-14,15,25,6,1012357.18,46137.54,1167574.73,1213712.27,1058494.72,121.37,22
2025-11-21,20,20,6,862151.36,58278.31,1166279.45,1224557.76,920429.67,122.46,25
2025-11-28,17,22,7,797030.5,59298.93,1175985.22,1235284.15,856329.43,123.53,26
2025-12-05,20,22,4,672372.99,70782.71,1184720.25,1255502.96,743155.7,125.55,28
2025-12-12,14,22,10,806716.23,65283.72,1182939.51,1248223.23,871999.95,124.82,26
2025-12-19,17,21,8,839520.01,64126.27,1183847.74,1247974.01,903646.28,124.8,26
2025-12-26,14,24,8,859084.96,58527.55,1194221.36,1252748.91,917612.51,125.27,26
2026-01-02,20,22,4,578307.57,68815.72,1203152.49,1271968.21,647123.29,127.2,32
2026-01-09,16,20,10,1050374.3,40524.31,1206953.64,1247477.95,1090898.61,124.75,21
2026-01-12,17,18,11,1041607.99,51665.09,1206244.52,1257909.61,1093273.08,125.79,21
