ticker,current_price,decision,target_price,stop_loss,scores
IFCI.NS,53.95000076293945,InvestmentDecision.AVOID,0,0,"{'fundamental_score': 7.4, 'technical_score': 0, 'confidence': 0}"
FORCEMOT.NS,21560.0,InvestmentDecision.AVOID,0,0,"{'fundamental_score': 7.1000000000000005, 'technical_score': 0, 'confidence': 0}"
SBFC.NS,92.52999877929688,InvestmentDecision.AVOID,0,0,"{'fundamental_score': 5.9, 'technical_score': 0, 'confidence': 0}"
HINDCOPPER.NS,527.3499755859375,InvestmentDecision.AVOID,0,0,"{'fundamental_score': 8.2, 'technical_score': 0, 'confidence': 0}"
BSE.NS,2850.60009765625,InvestmentDecision.AVOID,0,0,"{'fundamental_score': 7.4, 'technical_score': 0, 'confidence': 0}"
PREMIERENE.NS,789.3499755859375,InvestmentDecision.AVOID,0,0,"{'fundamental_score': 8.2, 'technical_score': 0, 'confidence': 0}"
IREDA.NS,117.02999877929688,InvestmentDecision.AVOID,0,0,"{'fundamental_score': 5.9, 'technical_score': 0, 'confidence': 0}"
HINDZINC.NS,583.0,InvestmentDecision.AVOID,0,0,"{'fundamental_score': 7.75, 'technical_score': 0, 'confidence': 0}"
SARDAEN.NS,550.5999755859375,InvestmentDecision.AVOID,0,0,"{'fundamental_score': 8.2, 'technical_score': 0, 'confidence': 0}"
ANANTRAJ.NS,469.6000061035156,InvestmentDecision.AVOID,0,0,"{'fundamental_score': 8.2, 'technical_score': 0, 'confidence': 0}"
PFC.NS,415.8999938964844,InvestmentDecision.AVOID,0,0,"{'fundamental_score': 5.9, 'technical_score': 0, 'confidence': 0}"
SJVN.NS,72.3499984741211,InvestmentDecision.AVOID,0,0,"{'fundamental_score': 6.4, 'technical_score': 0, 'confidence': 0}"
HOMEFIRST.NS,1002.5999755859375,InvestmentDecision.AVOID,0,0,"{'fundamental_score': 5.9, 'technical_score': 0, 'confidence': 0}"
CHENNPETRO.NS,943.7999877929688,InvestmentDecision.AVOID,0,0,"{'fundamental_score': 5.9, 'technical_score': 0, 'confidence': 0}"
VTL.NS,541.3499755859375,InvestmentDecision.AVOID,0,0,"{'fundamental_score': 5.9, 'technical_score': 0, 'confidence': 0}"
LINDEINDIA.NS,7189.5,InvestmentDecision.AVOID,0,0,"{'fundamental_score': 8.2, 'technical_score': 0, 'confidence': 0}"
VEDL.NS,719.5999755859375,InvestmentDecision.AVOID,0,0,"{'fundamental_score': 4.0, 'technical_score': 0, 'confidence': 0}"
ABLBL.NS,101.0999984741211,InvestmentDecision.AVOID,0,0,"{'fundamental_score': 4.4, 'technical_score': 0, 'confidence': 0}"
INDUSINDBK.NS,831.3499755859375,InvestmentDecision.AVOID,0,0,"{'fundamental_score': 5.9, 'technical_score': 0, 'confidence': 0}"
MANAPPURAM.NS,255.5500030517578,InvestmentDecision.AVOID,0,0,"{'fundamental_score': 4.4, 'technical_score': 0, 'confidence': 0}"
GODFRYPHLP.NS,2091.60009765625,InvestmentDecision.AVOID,0,0,"{'fundamental_score': 7.4, 'technical_score': 0, 'confidence': 0}"
TATASTEEL.NS,193.47000122070312,InvestmentDecision.AVOID,0,0,"{'fundamental_score': 5.05, 'technical_score': 0, 'confidence': 0}"
SAIL.NS,153.64999389648438,InvestmentDecision.AVOID,0,0,"{'fundamental_score': 6.25, 'technical_score': 0, 'confidence': 0}"
IEX.NS,122.76000213623047,InvestmentDecision.AVOID,0,0,"{'fundamental_score': 7.4, 'technical_score': 0, 'confidence': 0}"
ASIANPAINT.NS,2221.199951171875,InvestmentDecision.AVOID,0,0,"{'fundamental_score': 5.5, 'technical_score': 0, 'confidence': 0}"
GMDCLTD.NS,555.5,InvestmentDecision.AVOID,0,0,"{'fundamental_score': 7.4, 'technical_score': 0, 'confidence': 0}"
MAHABANK.NS,67.11000061035156,InvestmentDecision.AVOID,0,0,"{'fundamental_score': 7.8, 'technical_score': 0, 'confidence': 0}"
MUTHOOTFIN.NS,3244.0,InvestmentDecision.AVOID,0,0,"{'fundamental_score': 6.300000000000001, 'technical_score': 0, 'confidence': 0}"
JSWSTEEL.NS,1172.5999755859375,InvestmentDecision.AVOID,0,0,"{'fundamental_score': 5.199999999999999, 'technical_score': 0, 'confidence': 0}"
BALKRISIND.NS,2280.199951171875,InvestmentDecision.AVOID,0,0,"{'fundamental_score': 6.800000000000001, 'technical_score': 0, 'confidence': 0}"
BLUEJET.NS,377.3500061035156,InvestmentDecision.AVOID,0,0,"{'fundamental_score': 8.2, 'technical_score': 0, 'confidence': 0}"
HINDALCO.NS,969.75,InvestmentDecision.AVOID,0,0,"{'fundamental_score': 6.25, 'technical_score': 0, 'confidence': 0}"
MCX.NS,2526.10009765625,InvestmentDecision.AVOID,0,0,"{'fundamental_score': 7.4, 'technical_score': 0, 'confidence': 0}"
EMAMILTD.NS,428.1000061035156,InvestmentDecision.AVOID,0,0,"{'fundamental_score': 7.4, 'technical_score': 0, 'confidence': 0}"
COLPAL.NS,1975.800048828125,InvestmentDecision.AVOID,0,0,"{'fundamental_score': 7.4, 'technical_score': 0, 'confidence': 0}"
3MINDIA.NS,34305.0,InvestmentDecision.AVOID,0,0,"{'fundamental_score': 6.7, 'technical_score': 0, 'confidence': 0}"
TORNTPOWER.NS,1506.0,InvestmentDecision.AVOID,0,0,"{'fundamental_score': 6.25, 'technical_score': 0, 'confidence': 0}"
TRENT.NS,3533.60009765625,InvestmentDecision.AVOID,0,0,"{'fundamental_score': 5.9, 'technical_score': 0, 'confidence': 0}"
DEVYANI.NS,116.95999908447266,InvestmentDecision.AVOID,0,0,"{'fundamental_score': 4.4, 'technical_score': 0, 'confidence': 0}"
BRIGADE.NS,665.0,InvestmentDecision.AVOID,0,0,"{'fundamental_score': 7.15, 'technical_score': 0, 'confidence': 0}"
RECLTD.NS,343.5,InvestmentDecision.AVOID,0,0,"{'fundamental_score': 6.300000000000001, 'technical_score': 0, 'confidence': 0}"
NAVINFLUOR.NS,6220.0,InvestmentDecision.AVOID,0,0,"{'fundamental_score': 7.9, 'technical_score': 0, 'confidence': 0}"
ATUL.NS,6302.5,InvestmentDecision.AVOID,0,0,"{'fundamental_score': 6.7, 'technical_score': 0, 'confidence': 0}"
MRPL.NS,191.44000244140625,InvestmentDecision.AVOID,0,0,"{'fundamental_score': 5.45, 'technical_score': 0, 'confidence': 0}"
NLCINDIA.NS,265.25,InvestmentDecision.AVOID,0,0,"{'fundamental_score': 7.0, 'technical_score': 0, 'confidence': 0}"
NMDC.NS,80.87000274658203,InvestmentDecision.AVOID,0,0,"{'fundamental_score': 8.2, 'technical_score': 0, 'confidence': 0}"
JWL.NS,272.20001220703125,InvestmentDecision.AVOID,0,0,"{'fundamental_score': 6.7, 'technical_score': 0, 'confidence': 0}"
JYOTICNC.NS,759.7999877929688,InvestmentDecision.AVOID,0,0,"{'fundamental_score': 7.9, 'technical_score': 0, 'confidence': 0}"
WAAREEENER.NS,2739.39990234375,InvestmentDecision.AVOID,0,0,"{'fundamental_score': 7.6, 'technical_score': 0, 'confidence': 0}"
JSWCEMENT.NS,119.83999633789062,InvestmentDecision.AVOID,0,0,"{'fundamental_score': 6.25, 'technical_score': 0, 'confidence': 0}"
LEMONTREE.NS,105.44000244140625,InvestmentDecision.AVOID,0,0,"{'fundamental_score': 6.2, 'technical_score': 0, 'confidence': 0}"
PIIND.NS,2952.39990234375,InvestmentDecision.AVOID,0,0,"{'fundamental_score': 8.2, 'technical_score': 0, 'confidence': 0}"
AIIL.NS,449.45001220703125,InvestmentDecision.AVOID,0,0,"{'fundamental_score': 7.4, 'technical_score': 0, 'confidence': 0}"
MEDANTA.NS,1103.199951171875,InvestmentDecision.AVOID,0,0,"{'fundamental_score': 7.6, 'technical_score': 0, 'confidence': 0}"
M&MFIN.NS,346.29998779296875,InvestmentDecision.AVOID,0,0,"{'fundamental_score': 4.0, 'technical_score': 0, 'confidence': 0}"
ANGELONE.NS,213.07000732421875,InvestmentDecision.AVOID,0,0,"{'fundamental_score': 6.65, 'technical_score': 0, 'confidence': 0}"
GAIL.NS,152.35000610351562,InvestmentDecision.AVOID,0,0,"{'fundamental_score': 6.7, 'technical_score': 0, 'confidence': 0}"
GLAND.NS,1655.300048828125,InvestmentDecision.AVOID,0,0,"{'fundamental_score': 7.6, 'technical_score': 0, 'confidence': 0}"
MRF.NS,138005.0,InvestmentDecision.AVOID,0,0,"{'fundamental_score': 5.5, 'technical_score': 0, 'confidence': 0}"
ULTRACEMCO.NS,11089.0,InvestmentDecision.AVOID,0,0,"{'fundamental_score': 5.5, 'technical_score': 0, 'confidence': 0}"
HINDUNILVR.NS,2136.89990234375,InvestmentDecision.AVOID,0,0,"{'fundamental_score': 3.5, 'technical_score': 0, 'confidence': 0}"
ALKEM.NS,5444.0,InvestmentDecision.AVOID,0,0,"{'fundamental_score': 7.9, 'technical_score': 0, 'confidence': 0}"
DCMSHRIRAM.NS,1015.7000122070312,InvestmentDecision.AVOID,0,0,"{'fundamental_score': 6.7, 'technical_score': 0, 'confidence': 0}"
IRFC.NS,99.91999816894531,InvestmentDecision.AVOID,0,0,"{'fundamental_score': 5.5, 'technical_score': 0, 'confidence': 0}"
TATAPOWER.NS,402.1499938964844,InvestmentDecision.AVOID,0,0,"{'fundamental_score': 5.2, 'technical_score': 0, 'confidence': 0}"
PTCIL.NS,17958.0,InvestmentDecision.AVOID,0,0,"{'fundamental_score': 7.6, 'technical_score': 0, 'confidence': 0}"
HAL.NS,4013.5,InvestmentDecision.AVOID,0,0,"{'fundamental_score': 8.2, 'technical_score': 0, 'confidence': 0}"
SCHAEFFLER.NS,3988.60009765625,InvestmentDecision.AVOID,0,0,"{'fundamental_score': 6.3, 'technical_score': 0, 'confidence': 0}"
NETWEB.NS,3226.199951171875,InvestmentDecision.AVOID,0,0,"{'fundamental_score': 6.7, 'technical_score': 0, 'confidence': 0}"
UNIONBANK.NS,182.10000610351562,InvestmentDecision.AVOID,0,0,"{'fundamental_score': 7.4, 'technical_score': 0, 'confidence': 0}"
OIL.NS,479.29998779296875,InvestmentDecision.AVOID,0,0,"{'fundamental_score': 6.65, 'technical_score': 0, 'confidence': 0}"
KAYNES.NS,3700.300048828125,InvestmentDecision.AVOID,0,0,"{'fundamental_score': 6.7, 'technical_score': 0, 'confidence': 0}"
MANYAVAR.NS,352.95001220703125,InvestmentDecision.AVOID,0,0,"{'fundamental_score': 7.4, 'technical_score': 0, 'confidence': 0}"
GRSE.NS,2423.800048828125,InvestmentDecision.AVOID,0,0,"{'fundamental_score': 6.7, 'technical_score': 0, 'confidence': 0}"
JINDALSTEL.NS,1225.0,InvestmentDecision.AVOID,0,0,"{'fundamental_score': 6.7, 'technical_score': 0, 'confidence': 0}"
HYUNDAI.NS,1994.699951171875,InvestmentDecision.AVOID,0,0,"{'fundamental_score': 5.9, 'technical_score': 0, 'confidence': 0}"
TATACONSUM.NS,1057.800048828125,InvestmentDecision.AVOID,0,0,"{'fundamental_score': 4.7, 'technical_score': 0, 'confidence': 0}"
GESHIP.NS,1486.5,InvestmentDecision.AVOID,0,0,"{'fundamental_score': 8.2, 'technical_score': 0, 'confidence': 0}"
NSLNISP.NS,37.88999938964844,InvestmentDecision.AVOID,0,0,"{'fundamental_score': 6.7, 'technical_score': 0, 'confidence': 0}"
LODHA.NS,869.0499877929688,InvestmentDecision.AVOID,0,0,"{'fundamental_score': 8.2, 'technical_score': 0, 'confidence': 0}"
PIDILITIND.NS,1387.4000244140625,InvestmentDecision.AVOID,0,0,"{'fundamental_score': 7.9, 'technical_score': 0, 'confidence': 0}"
MMTC.NS,55.630001068115234,InvestmentDecision.AVOID,0,0,"{'fundamental_score': 8.2, 'technical_score': 0, 'confidence': 0}"
JSWENERGY.NS,518.2999877929688,InvestmentDecision.AVOID,0,0,"{'fundamental_score': 6.1, 'technical_score': 0, 'confidence': 0}"
ENGINERSIN.NS,200.69000244140625,InvestmentDecision.AVOID,0,0,"{'fundamental_score': 8.2, 'technical_score': 0, 'confidence': 0}"
ICICIBANK.NS,1266.5,InvestmentDecision.AVOID,0,0,"{'fundamental_score': 3.1, 'technical_score': 0, 'confidence': 0}"
SYNGENE.NS,404.1000061035156,InvestmentDecision.AVOID,0,0,"{'fundamental_score': 6.7, 'technical_score': 0, 'confidence': 0}"
TCS.NS,2442.39990234375,InvestmentDecision.AVOID,0,0,"{'fundamental_score': 7.7, 'technical_score': 0, 'confidence': 0}"
SAGILITY.NS,39.4900016784668,InvestmentDecision.AVOID,0,0,"{'fundamental_score': 7.6, 'technical_score': 0, 'confidence': 0}"
IKS.NS,1373.9000244140625,InvestmentDecision.AVOID,0,0,"{'fundamental_score': 8.2, 'technical_score': 0, 'confidence': 0}"
ADANIENT.NS,2002.0,InvestmentDecision.AVOID,0,0,"{'fundamental_score': 5.6, 'technical_score': 0, 'confidence': 0}"
NESTLEIND.NS,1220.800048828125,InvestmentDecision.AVOID,0,0,"{'fundamental_score': 6.7, 'technical_score': 0, 'confidence': 0}"
EXIDEIND.NS,310.0,InvestmentDecision.AVOID,0,0,"{'fundamental_score': 5.9, 'technical_score': 0, 'confidence': 0}"
SCI.NS,250.6999969482422,InvestmentDecision.AVOID,0,0,"{'fundamental_score': 8.2, 'technical_score': 0, 'confidence': 0}"
CONCORDBIO.NS,1174.5,InvestmentDecision.AVOID,0,0,"{'fundamental_score': 8.2, 'technical_score': 0, 'confidence': 0}"
SBILIFE.NS,1939.4000244140625,InvestmentDecision.AVOID,0,0,"{'fundamental_score': 5.500000000000001, 'technical_score': 0, 'confidence': 0}"
AUBANK.NS,902.2000122070312,InvestmentDecision.AVOID,0,0,"{'fundamental_score': 7.4, 'technical_score': 0, 'confidence': 0}"
CEATLTD.NS,3806.5,InvestmentDecision.AVOID,0,0,"{'fundamental_score': 5.45, 'technical_score': 0, 'confidence': 0}"
GRASIM.NS,2673.10009765625,InvestmentDecision.AVOID,0,0,"{'fundamental_score': 0.6, 'technical_score': 0, 'confidence': 0}"
GODREJCP.NS,1052.300048828125,InvestmentDecision.AVOID,0,0,"{'fundamental_score': 5.9, 'technical_score': 0, 'confidence': 0}"
MAZDOCK.NS,2443.300048828125,InvestmentDecision.AVOID,0,0,"{'fundamental_score': 8.2, 'technical_score': 0, 'confidence': 0}"
MGL.NS,1050.199951171875,InvestmentDecision.AVOID,0,0,"{'fundamental_score': 6.7, 'technical_score': 0, 'confidence': 0}"
ATHERENERG.NS,710.5499877929688,InvestmentDecision.AVOID,0,0,"{'fundamental_score': 5.9, 'technical_score': 0, 'confidence': 0}"
ABBOTINDIA.NS,26685.0,InvestmentDecision.AVOID,0,0,"{'fundamental_score': 8.2, 'technical_score': 0, 'confidence': 0}"
BDL.NS,1349.4000244140625,InvestmentDecision.AVOID,0,0,"{'fundamental_score': 7.9, 'technical_score': 0, 'confidence': 0}"
GICRE.NS,369.29998779296875,InvestmentDecision.AVOID,0,0,"{'fundamental_score': 6.6000000000000005, 'technical_score': 0, 'confidence': 0}"
AIAENG.NS,3722.800048828125,InvestmentDecision.AVOID,0,0,"{'fundamental_score': 8.2, 'technical_score': 0, 'confidence': 0}"
ICICIGI.NS,1855.300048828125,InvestmentDecision.AVOID,0,0,"{'fundamental_score': 5.9, 'technical_score': 0, 'confidence': 0}"
DALBHARAT.NS,1894.5,InvestmentDecision.AVOID,0,0,"{'fundamental_score': 6.7, 'technical_score': 0, 'confidence': 0}"
COFORGE.NS,1107.9000244140625,InvestmentDecision.AVOID,0,0,"{'fundamental_score': 6.7, 'technical_score': 0, 'confidence': 0}"
VBL.NS,411.04998779296875,InvestmentDecision.AVOID,0,0,"{'fundamental_score': 6.800000000000001, 'technical_score': 0, 'confidence': 0}"
NATIONALUM.NS,409.1499938964844,InvestmentDecision.AVOID,0,0,"{'fundamental_score': 8.2, 'technical_score': 0, 'confidence': 0}"
ADANIPOWER.NS,149.11000061035156,InvestmentDecision.AVOID,0,0,"{'fundamental_score': 7.75, 'technical_score': 0, 'confidence': 0}"
CENTRALBK.NS,36.61000061035156,InvestmentDecision.AVOID,0,0,"{'fundamental_score': 7.000000000000001, 'technical_score': 0, 'confidence': 0}"
APLAPOLLO.NS,2009.199951171875,InvestmentDecision.AVOID,0,0,"{'fundamental_score': 6.7, 'technical_score': 0, 'confidence': 0}"
ZENSARTECH.NS,564.4000244140625,InvestmentDecision.AVOID,0,0,"{'fundamental_score': 7.6, 'technical_score': 0, 'confidence': 0}"
SAPPHIRE.NS,169.3300018310547,InvestmentDecision.AVOID,0,0,"{'fundamental_score': 5.45, 'technical_score': 0, 'confidence': 0}"
BHARTIARTL.NS,1801.300048828125,InvestmentDecision.AVOID,0,0,"{'fundamental_score': 3.1, 'technical_score': 0, 'confidence': 0}"
NCC.NS,149.5,InvestmentDecision.AVOID,0,0,"{'fundamental_score': 6.7, 'technical_score': 0, 'confidence': 0}"
KPRMILL.NS,909.4000244140625,InvestmentDecision.AVOID,0,0,"{'fundamental_score': 6.800000000000001, 'technical_score': 0, 'confidence': 0}"
IOB.NS,33.86000061035156,InvestmentDecision.AVOID,0,0,"{'fundamental_score': 7.4, 'technical_score': 0, 'confidence': 0}"
DMART.NS,3953.60009765625,InvestmentDecision.AVOID,0,0,"{'fundamental_score': 5.9, 'technical_score': 0, 'confidence': 0}"
KEC.NS,560.5499877929688,InvestmentDecision.AVOID,0,0,"{'fundamental_score': 6.25, 'technical_score': 0, 'confidence': 0}"
KIRLOSBROS.NS,1590.0,InvestmentDecision.AVOID,0,0,"{'fundamental_score': 6.7, 'technical_score': 0, 'confidence': 0}"
IDBI.NS,98.80999755859375,InvestmentDecision.AVOID,0,0,"{'fundamental_score': 7.000000000000001, 'technical_score': 0, 'confidence': 0}"
CDSL.NS,1210.800048828125,InvestmentDecision.AVOID,0,0,"{'fundamental_score': 7.4, 'technical_score': 0, 'confidence': 0}"
ADANIPORTS.NS,1391.5,InvestmentDecision.AVOID,0,0,"{'fundamental_score': 5.55, 'technical_score': 0, 'confidence': 0}"
PNBHOUSING.NS,780.1500244140625,InvestmentDecision.AVOID,0,0,"{'fundamental_score': 5.9, 'technical_score': 0, 'confidence': 0}"
NIACL.NS,137.88999938964844,InvestmentDecision.AVOID,0,0,"{'fundamental_score': 5.9, 'technical_score': 0, 'confidence': 0}"
GLAXO.NS,2504.39990234375,InvestmentDecision.AVOID,0,0,"{'fundamental_score': 8.2, 'technical_score': 0, 'confidence': 0}"
SHREECEM.NS,23500.0,InvestmentDecision.AVOID,0,0,"{'fundamental_score': 6.7, 'technical_score': 0, 'confidence': 0}"
KEI.NS,4330.0,InvestmentDecision.AVOID,0,0,"{'fundamental_score': 6.7, 'technical_score': 0, 'confidence': 0}"
MANKIND.NS,2207.89990234375,InvestmentDecision.AVOID,0,0,"{'fundamental_score': 7.15, 'technical_score': 0, 'confidence': 0}"
IGIL.NS,320.8999938964844,InvestmentDecision.AVOID,0,0,"{'fundamental_score': 8.7, 'technical_score': 0, 'confidence': 0}"
TITAN.NS,4129.60009765625,InvestmentDecision.AVOID,0,0,"{'fundamental_score': 4.5, 'technical_score': 0, 'confidence': 0}"
MARUTI.NS,13011.0,InvestmentDecision.AVOID,0,0,"{'fundamental_score': 5.5, 'technical_score': 0, 'confidence': 0}"
HDFCLIFE.NS,645.7000122070312,InvestmentDecision.AVOID,0,0,"{'fundamental_score': 5.1000000000000005, 'technical_score': 0, 'confidence': 0}"
INDIAMART.NS,2100.300048828125,InvestmentDecision.AVOID,0,0,"{'fundamental_score': 8.2, 'technical_score': 0, 'confidence': 0}"
JUBLFOOD.NS,461.75,InvestmentDecision.AVOID,0,0,"{'fundamental_score': 4.4, 'technical_score': 0, 'confidence': 0}"
RKFORGE.NS,560.0999755859375,InvestmentDecision.AVOID,0,0,"{'fundamental_score': 6.25, 'technical_score': 0, 'confidence': 0}"
INDIACEM.NS,365.95001220703125,InvestmentDecision.AVOID,0,0,"{'fundamental_score': 6.7, 'technical_score': 0, 'confidence': 0}"
INDGN.NS,443.45001220703125,InvestmentDecision.AVOID,0,0,"{'fundamental_score': 7.6, 'technical_score': 0, 'confidence': 0}"
AADHARHFC.NS,475.95001220703125,InvestmentDecision.AVOID,0,0,"{'fundamental_score': 5.9, 'technical_score': 0, 'confidence': 0}"
RELIANCE.NS,1392.199951171875,InvestmentDecision.AVOID,0,0,"{'fundamental_score': 4.7, 'technical_score': 0, 'confidence': 0}"
ABCAPITAL.NS,319.95001220703125,InvestmentDecision.AVOID,0,0,"{'fundamental_score': 4.4, 'technical_score': 0, 'confidence': 0}"
BHARATFORG.NS,1779.5999755859375,InvestmentDecision.AVOID,0,0,"{'fundamental_score': 5.45, 'technical_score': 0, 'confidence': 0}"
UCOBANK.NS,26.559999465942383,InvestmentDecision.AVOID,0,0,"{'fundamental_score': 5.800000000000001, 'technical_score': 0, 'confidence': 0}"
NHPC.NS,74.77999877929688,InvestmentDecision.AVOID,0,0,"{'fundamental_score': 7.3, 'technical_score': 0, 'confidence': 0}"
TATACHEM.NS,683.1500244140625,InvestmentDecision.AVOID,0,0,"{'fundamental_score': 6.7, 'technical_score': 0, 'confidence': 0}"
AMBUJACEM.NS,446.45001220703125,InvestmentDecision.AVOID,0,0,"{'fundamental_score': 6.7, 'technical_score': 0, 'confidence': 0}"
YESBANK.NS,19.309999465942383,InvestmentDecision.AVOID,0,0,"{'fundamental_score': 5.800000000000001, 'technical_score': 0, 'confidence': 0}"
DRREDDY.NS,1319.0,InvestmentDecision.AVOID,0,0,"{'fundamental_score': 7.9, 'technical_score': 0, 'confidence': 0}"
WIPRO.NS,202.50999450683594,InvestmentDecision.AVOID,0,0,"{'fundamental_score': 3.5, 'technical_score': 0, 'confidence': 0}"
IRCON.NS,136.5500030517578,InvestmentDecision.AVOID,0,0,"{'fundamental_score': 6.25, 'technical_score': 0, 'confidence': 0}"
RVNL.NS,279.6000061035156,InvestmentDecision.AVOID,0,0,"{'fundamental_score': 6.25, 'technical_score': 0, 'confidence': 0}"
RAILTEL.NS,287.1000061035156,InvestmentDecision.AVOID,0,0,"{'fundamental_score': 6.7, 'technical_score': 0, 'confidence': 0}"
BEML.NS,1614.199951171875,InvestmentDecision.AVOID,0,0,"{'fundamental_score': 6.7, 'technical_score': 0, 'confidence': 0}"
ACC.NS,1433.4000244140625,InvestmentDecision.AVOID,0,0,"{'fundamental_score': 6.7, 'technical_score': 0, 'confidence': 0}"
ATGL.NS,607.5999755859375,InvestmentDecision.AVOID,0,0,"{'fundamental_score': 6.7, 'technical_score': 0, 'confidence': 0}"
THELEELA.NS,435.45001220703125,InvestmentDecision.AVOID,0,0,"{'fundamental_score': 7.4, 'technical_score': 0, 'confidence': 0}"
NUVOCO.NS,294.29998779296875,InvestmentDecision.AVOID,0,0,"{'fundamental_score': 6.25, 'technical_score': 0, 'confidence': 0}"
MARICO.NS,757.1500244140625,InvestmentDecision.AVOID,0,0,"{'fundamental_score': 6.800000000000001, 'technical_score': 0, 'confidence': 0}"
PNB.NS,116.61000061035156,InvestmentDecision.AVOID,0,0,"{'fundamental_score': 7.000000000000001, 'technical_score': 0, 'confidence': 0}"
HINDPETRO.NS,384.3500061035156,InvestmentDecision.AVOID,0,0,"{'fundamental_score': 5.0, 'technical_score': 0, 'confidence': 0}"
BAJAJFINSV.NS,1770.800048828125,InvestmentDecision.AVOID,0,0,"{'fundamental_score': 5.2, 'technical_score': 0, 'confidence': 0}"
DABUR.NS,459.3500061035156,InvestmentDecision.AVOID,0,0,"{'fundamental_score': 6.800000000000001, 'technical_score': 0, 'confidence': 0}"
FLUOROCHEM.NS,3185.300048828125,InvestmentDecision.AVOID,0,0,"{'fundamental_score': 7.6, 'technical_score': 0, 'confidence': 0}"
JIOFIN.NS,242.1999969482422,InvestmentDecision.AVOID,0,0,"{'fundamental_score': 7.4, 'technical_score': 0, 'confidence': 0}"
LICI.NS,796.6500244140625,InvestmentDecision.AVOID,0,0,"{'fundamental_score': 5.9, 'technical_score': 0, 'confidence': 0}"
SHYAMMETL.NS,779.7999877929688,InvestmentDecision.AVOID,0,0,"{'fundamental_score': 6.7, 'technical_score': 0, 'confidence': 0}"
ECLERX.NS,3151.800048828125,InvestmentDecision.AVOID,0,0,"{'fundamental_score': 7.9, 'technical_score': 0, 'confidence': 0}"
JSL.NS,746.6500244140625,InvestmentDecision.AVOID,0,0,"{'fundamental_score': 6.7, 'technical_score': 0, 'confidence': 0}"
SUNPHARMA.NS,1825.300048828125,InvestmentDecision.AVOID,0,0,"{'fundamental_score': 6.7, 'technical_score': 0, 'confidence': 0}"
GLENMARK.NS,2256.39990234375,InvestmentDecision.AVOID,0,0,"{'fundamental_score': 6.7, 'technical_score': 0, 'confidence': 0}"
HCLTECH.NS,1358.0999755859375,InvestmentDecision.AVOID,0,0,"{'fundamental_score': 5.5, 'technical_score': 0, 'confidence': 0}"
KOTAKBANK.NS,375.29998779296875,InvestmentDecision.AVOID,0,0,"{'fundamental_score': 4.7, 'technical_score': 0, 'confidence': 0}"
UPL.NS,629.0499877929688,InvestmentDecision.AVOID,0,0,"{'fundamental_score': 6.25, 'technical_score': 0, 'confidence': 0}"
PAGEIND.NS,30860.0,InvestmentDecision.AVOID,0,0,"{'fundamental_score': 6.800000000000001, 'technical_score': 0, 'confidence': 0}"
ETERNAL.NS,221.1699981689453,InvestmentDecision.AVOID,0,0,"{'fundamental_score': 5.5, 'technical_score': 0, 'confidence': 0}"
BANKINDIA.NS,154.77999877929688,InvestmentDecision.AVOID,0,0,"{'fundamental_score': 7.000000000000001, 'technical_score': 0, 'confidence': 0}"
CLEAN.NS,733.9000244140625,InvestmentDecision.AVOID,0,0,"{'fundamental_score': 8.2, 'technical_score': 0, 'confidence': 0}"
SRF.NS,2626.300048828125,InvestmentDecision.AVOID,0,0,"{'fundamental_score': 6.7, 'technical_score': 0, 'confidence': 0}"
CHOLAHLDNG.NS,1486.5999755859375,InvestmentDecision.AVOID,0,0,"{'fundamental_score': 4.4, 'technical_score': 0, 'confidence': 0}"
ITC.NS,304.1000061035156,InvestmentDecision.AVOID,0,0,"{'fundamental_score': 7.4, 'technical_score': 0, 'confidence': 0}"
AKZOINDIA.NS,2916.89990234375,InvestmentDecision.AVOID,0,0,"{'fundamental_score': 8.2, 'technical_score': 0, 'confidence': 0}"
AXISBANK.NS,1234.5,InvestmentDecision.AVOID,0,0,"{'fundamental_score': 2.7, 'technical_score': 0, 'confidence': 0}"
ZYDUSLIFE.NS,916.9000244140625,InvestmentDecision.AVOID,0,0,"{'fundamental_score': 8.2, 'technical_score': 0, 'confidence': 0}"
KPIL.NS,1147.0999755859375,InvestmentDecision.AVOID,0,0,"{'fundamental_score': 6.25, 'technical_score': 0, 'confidence': 0}"
SUZLON.NS,42.43000030517578,InvestmentDecision.AVOID,0,0,"{'fundamental_score': 8.2, 'technical_score': 0, 'confidence': 0}"
LUPIN.NS,2357.300048828125,InvestmentDecision.AVOID,0,0,"{'fundamental_score': 4.0, 'technical_score': 0, 'confidence': 0}"
VOLTAS.NS,1449.4000244140625,InvestmentDecision.AVOID,0,0,"{'fundamental_score': 5.9, 'technical_score': 0, 'confidence': 0}"
JINDALSAW.NS,198.8000030517578,InvestmentDecision.AVOID,0,0,"{'fundamental_score': 6.7, 'technical_score': 0, 'confidence': 0}"
M&M.NS,3031.199951171875,InvestmentDecision.AVOID,0,0,"{'fundamental_score': 5.0, 'technical_score': 0, 'confidence': 0}"
GMRAIRPORT.NS,93.29000091552734,InvestmentDecision.AVOID,0,0,"{'fundamental_score': 6.7, 'technical_score': 0, 'confidence': 0}"
TECHM.NS,1349.800048828125,InvestmentDecision.AVOID,0,0,"{'fundamental_score': 6.1, 'technical_score': 0, 'confidence': 0}"
DEEPAKFERT.NS,978.2999877929688,InvestmentDecision.AVOID,0,0,"{'fundamental_score': 6.25, 'technical_score': 0, 'confidence': 0}"
MINDACORP.NS,481.1499938964844,InvestmentDecision.AVOID,0,0,"{'fundamental_score': 5.45, 'technical_score': 0, 'confidence': 0}"
AKUMS.NS,498.95001220703125,InvestmentDecision.AVOID,0,0,"{'fundamental_score': 6.7, 'technical_score': 0, 'confidence': 0}"
CRISIL.NS,4235.2998046875,InvestmentDecision.AVOID,0,0,"{'fundamental_score': 7.8, 'technical_score': 0, 'confidence': 0}"
CANFINHOME.NS,872.5499877929688,InvestmentDecision.AVOID,0,0,"{'fundamental_score': 5.9, 'technical_score': 0, 'confidence': 0}"
TIMKEN.NS,3486.5,InvestmentDecision.AVOID,0,0,"{'fundamental_score': 7.6, 'technical_score': 0, 'confidence': 0}"
APOLLOHOSP.NS,7574.5,InvestmentDecision.AVOID,0,0,"{'fundamental_score': 3.55, 'technical_score': 0, 'confidence': 0}"
SUPREMEIND.NS,4043.699951171875,InvestmentDecision.AVOID,0,0,"{'fundamental_score': 6.7, 'technical_score': 0, 'confidence': 0}"
PGEL.NS,532.2000122070312,InvestmentDecision.AVOID,0,0,"{'fundamental_score': 6.7, 'technical_score': 0, 'confidence': 0}"
KARURVYSYA.NS,295.70001220703125,InvestmentDecision.AVOID,0,0,"{'fundamental_score': 7.4, 'technical_score': 0, 'confidence': 0}"
APOLLOTYRE.NS,417.6499938964844,InvestmentDecision.AVOID,0,0,"{'fundamental_score': 5.9, 'technical_score': 0, 'confidence': 0}"
TATAINVEST.NS,629.2000122070312,InvestmentDecision.AVOID,0,0,"{'fundamental_score': 7.4, 'technical_score': 0, 'confidence': 0}"
IDEA.NS,9.5600004196167,InvestmentDecision.AVOID,0,0,"{'fundamental_score': 6.7, 'technical_score': 0, 'confidence': 0}"
INDIGO.NS,4251.7001953125,InvestmentDecision.AVOID,0,0,"{'fundamental_score': 6.0, 'technical_score': 0, 'confidence': 0}"
RITES.NS,199.64999389648438,InvestmentDecision.AVOID,0,0,"{'fundamental_score': 8.2, 'technical_score': 0, 'confidence': 0}"
CONCOR.NS,467.1499938964844,InvestmentDecision.AVOID,0,0,"{'fundamental_score': 7.6, 'technical_score': 0, 'confidence': 0}"
RBLBANK.NS,299.79998779296875,InvestmentDecision.AVOID,0,0,"{'fundamental_score': 5.9, 'technical_score': 0, 'confidence': 0}"
OFSS.NS,6694.5,InvestmentDecision.AVOID,0,0,"{'fundamental_score': 8.7, 'technical_score': 0, 'confidence': 0}"
INTELLECT.NS,667.0999755859375,InvestmentDecision.AVOID,0,0,"{'fundamental_score': 7.6, 'technical_score': 0, 'confidence': 0}"
HEXT.NS,418.70001220703125,InvestmentDecision.AVOID,0,0,"{'fundamental_score': 7.2, 'technical_score': 0, 'confidence': 0}"
HSCL.NS,453.04998779296875,InvestmentDecision.AVOID,0,0,"{'fundamental_score': 7.9, 'technical_score': 0, 'confidence': 0}"
OLAELEC.NS,23.700000762939453,InvestmentDecision.AVOID,0,0,"{'fundamental_score': 1.05, 'technical_score': 0, 'confidence': 0}"
BIKAJI.NS,619.0,InvestmentDecision.AVOID,0,0,"{'fundamental_score': 5.9, 'technical_score': 0, 'confidence': 0}"
KAJARIACER.NS,940.0,InvestmentDecision.AVOID,0,0,"{'fundamental_score': 6.7, 'technical_score': 0, 'confidence': 0}"
SUNTV.NS,593.2999877929688,InvestmentDecision.AVOID,0,0,"{'fundamental_score': 8.2, 'technical_score': 0, 'confidence': 0}"
BAJAJHFL.NS,83.68000030517578,InvestmentDecision.AVOID,0,0,"{'fundamental_score': 5.9, 'technical_score': 0, 'confidence': 0}"
AAVAS.NS,1179.800048828125,InvestmentDecision.AVOID,0,0,"{'fundamental_score': 5.9, 'technical_score': 0, 'confidence': 0}"
LT.NS,3719.5,InvestmentDecision.AVOID,0,0,"{'fundamental_score': 4.6, 'technical_score': 0, 'confidence': 0}"
TVSMOTOR.NS,3422.60009765625,InvestmentDecision.AVOID,0,0,"{'fundamental_score': 4.4, 'technical_score': 0, 'confidence': 0}"
CCL.NS,1060.5999755859375,InvestmentDecision.AVOID,0,0,"{'fundamental_score': 5.45, 'technical_score': 0, 'confidence': 0}"
ABFRL.NS,62.06999969482422,InvestmentDecision.AVOID,0,0,"{'fundamental_score': 5.45, 'technical_score': 0, 'confidence': 0}"
COCHINSHIP.NS,1444.300048828125,InvestmentDecision.AVOID,0,0,"{'fundamental_score': 7.6, 'technical_score': 0, 'confidence': 0}"
FIVESTAR.NS,368.8500061035156,InvestmentDecision.AVOID,0,0,"{'fundamental_score': 6.5, 'technical_score': 0, 'confidence': 0}"
VGUARD.NS,318.70001220703125,InvestmentDecision.AVOID,0,0,"{'fundamental_score': 6.7, 'technical_score': 0, 'confidence': 0}"
CIPLA.NS,1324.300048828125,InvestmentDecision.AVOID,0,0,"{'fundamental_score': 6.1, 'technical_score': 0, 'confidence': 0}"
BANDHANBNK.NS,178.00999450683594,InvestmentDecision.AVOID,0,0,"{'fundamental_score': 6.800000000000001, 'technical_score': 0, 'confidence': 0}"
VENTIVE.NS,665.7000122070312,InvestmentDecision.AVOID,0,0,"{'fundamental_score': 7.1000000000000005, 'technical_score': 0, 'confidence': 0}"
EIHOTEL.NS,331.79998779296875,InvestmentDecision.AVOID,0,0,"{'fundamental_score': 7.4, 'technical_score': 0, 'confidence': 0}"
MAXHEALTH.NS,1020.4000244140625,InvestmentDecision.AVOID,0,0,"{'fundamental_score': 7.9, 'technical_score': 0, 'confidence': 0}"
TATATECH.NS,551.8499755859375,InvestmentDecision.AVOID,0,0,"{'fundamental_score': 6.7, 'technical_score': 0, 'confidence': 0}"
GODREJAGRO.NS,586.5499877929688,InvestmentDecision.AVOID,0,0,"{'fundamental_score': 5.0, 'technical_score': 0, 'confidence': 0}"
RCF.NS,120.66999816894531,InvestmentDecision.AVOID,0,0,"{'fundamental_score': 6.25, 'technical_score': 0, 'confidence': 0}"
J&KBANK.NS,127.51000213623047,InvestmentDecision.AVOID,0,0,"{'fundamental_score': 7.000000000000001, 'technical_score': 0, 'confidence': 0}"
UNITDSPR.NS,1363.5,InvestmentDecision.AVOID,0,0,"{'fundamental_score': 6.800000000000001, 'technical_score': 0, 'confidence': 0}"
APTUS.NS,227.24000549316406,InvestmentDecision.AVOID,0,0,"{'fundamental_score': 5.9, 'technical_score': 0, 'confidence': 0}"
ADANIGREEN.NS,866.5499877929688,InvestmentDecision.AVOID,0,0,"{'fundamental_score': 5.2, 'technical_score': 0, 'confidence': 0}"
PATANJALI.NS,490.6000061035156,InvestmentDecision.AVOID,0,0,"{'fundamental_score': 5.9, 'technical_score': 0, 'confidence': 0}"
TECHNOE.NS,1106.699951171875,InvestmentDecision.AVOID,0,0,"{'fundamental_score': 7.9, 'technical_score': 0, 'confidence': 0}"
CANBK.NS,140.33999633789062,InvestmentDecision.AVOID,0,0,"{'fundamental_score': 7.8, 'technical_score': 0, 'confidence': 0}"
TATAELXSI.NS,4330.0,InvestmentDecision.AVOID,0,0,"{'fundamental_score': 7.9, 'technical_score': 0, 'confidence': 0}"
LATENTVIEW.NS,295.04998779296875,InvestmentDecision.AVOID,0,0,"{'fundamental_score': 8.2, 'technical_score': 0, 'confidence': 0}"
APLLTD.NS,703.2999877929688,InvestmentDecision.AVOID,0,0,"{'fundamental_score': 6.7, 'technical_score': 0, 'confidence': 0}"
BEL.NS,453.54998779296875,InvestmentDecision.AVOID,0,0,"{'fundamental_score': 8.2, 'technical_score': 0, 'confidence': 0}"
TITAGARH.NS,655.8499755859375,InvestmentDecision.AVOID,0,0,"{'fundamental_score': 6.7, 'technical_score': 0, 'confidence': 0}"
JYOTHYLAB.NS,229.10000610351562,InvestmentDecision.AVOID,0,0,"{'fundamental_score': 5.9, 'technical_score': 0, 'confidence': 0}"
IRCTC.NS,536.7000122070312,InvestmentDecision.AVOID,0,0,"{'fundamental_score': 7.4, 'technical_score': 0, 'confidence': 0}"
HDFCBANK.NS,832.75,InvestmentDecision.AVOID,0,0,"{'fundamental_score': 2.7, 'technical_score': 0, 'confidence': 0}"
SUMICHEM.NS,388.54998779296875,InvestmentDecision.AVOID,0,0,"{'fundamental_score': 7.9, 'technical_score': 0, 'confidence': 0}"
JKTYRE.NS,430.70001220703125,InvestmentDecision.AVOID,0,0,"{'fundamental_score': 5.45, 'technical_score': 0, 'confidence': 0}"
ICICIPRULI.NS,592.9500122070312,InvestmentDecision.AVOID,0,0,"{'fundamental_score': 5.1000000000000005, 'technical_score': 0, 'confidence': 0}"
ABSLAMC.NS,1000.1500244140625,InvestmentDecision.AVOID,0,0,"{'fundamental_score': 7.4, 'technical_score': 0, 'confidence': 0}"
NUVAMA.NS,1183.800048828125,InvestmentDecision.AVOID,0,0,"{'fundamental_score': 5.9, 'technical_score': 0, 'confidence': 0}"
FACT.NS,845.0999755859375,InvestmentDecision.AVOID,0,0,"{'fundamental_score': 5.2, 'technical_score': 0, 'confidence': 0}"
INDUSTOWER.NS,442.04998779296875,InvestmentDecision.AVOID,0,0,"{'fundamental_score': 8.25, 'technical_score': 0, 'confidence': 0}"
PETRONET.NS,296.70001220703125,InvestmentDecision.AVOID,0,0,"{'fundamental_score': 5.9, 'technical_score': 0, 'confidence': 0}"
LTFOODS.NS,390.0,InvestmentDecision.AVOID,0,0,"{'fundamental_score': 5.9, 'technical_score': 0, 'confidence': 0}"
TATACOMM.NS,1449.300048828125,InvestmentDecision.AVOID,0,0,"{'fundamental_score': 5.2, 'technical_score': 0, 'confidence': 0}"
ASHOKLEY.NS,178.47000122070312,InvestmentDecision.AVOID,0,0,"{'fundamental_score': 5.2, 'technical_score': 0, 'confidence': 0}"
MOTHERSON.NS,120.16999816894531,InvestmentDecision.AVOID,0,0,"{'fundamental_score': 5.9, 'technical_score': 0, 'confidence': 0}"
NTPCGREEN.NS,97.6500015258789,InvestmentDecision.AVOID,0,0,"{'fundamental_score': 7.3, 'technical_score': 0, 'confidence': 0}"
CARBORUNIV.NS,787.5,InvestmentDecision.AVOID,0,0,"{'fundamental_score': 6.7, 'technical_score': 0, 'confidence': 0}"
SWIGGY.NS,280.8999938964844,InvestmentDecision.AVOID,0,0,"{'fundamental_score': 5.9, 'technical_score': 0, 'confidence': 0}"
SUNDRMFAST.NS,830.2000122070312,InvestmentDecision.AVOID,0,0,"{'fundamental_score': 5.9, 'technical_score': 0, 'confidence': 0}"
NYKAA.NS,244.9499969482422,InvestmentDecision.AVOID,0,0,"{'fundamental_score': 5.45, 'technical_score': 0, 'confidence': 0}"
NAUKRI.NS,955.4000244140625,InvestmentDecision.AVOID,0,0,"{'fundamental_score': 8.2, 'technical_score': 0, 'confidence': 0}"
AEGISLOG.NS,637.25,InvestmentDecision.AVOID,0,0,"{'fundamental_score': 5.9, 'technical_score': 0, 'confidence': 0}"
LTIM.NS,4262.7001953125,InvestmentDecision.AVOID,0,0,"{'fundamental_score': 5.5, 'technical_score': 0, 'confidence': 0}"
BLUESTARCO.NS,1953.5,InvestmentDecision.AVOID,0,0,"{'fundamental_score': 6.7, 'technical_score': 0, 'confidence': 0}"
SUNDARMFIN.NS,5347.5,InvestmentDecision.AVOID,0,0,"{'fundamental_score': 5.9, 'technical_score': 0, 'confidence': 0}"
VIJAYA.NS,955.5,InvestmentDecision.AVOID,0,0,"{'fundamental_score': 8.2, 'technical_score': 0, 'confidence': 0}"
BBTC.NS,1570.9000244140625,InvestmentDecision.AVOID,0,0,"{'fundamental_score': 5.9, 'technical_score': 0, 'confidence': 0}"
360ONE.NS,1043.4000244140625,InvestmentDecision.AVOID,0,0,"{'fundamental_score': 6.5, 'technical_score': 0, 'confidence': 0}"
PPLPHARMA.NS,145.5399932861328,InvestmentDecision.AVOID,0,0,"{'fundamental_score': 6.25, 'technical_score': 0, 'confidence': 0}"
INOXWIND.NS,83.68000030517578,InvestmentDecision.AVOID,0,0,"{'fundamental_score': 6.7, 'technical_score': 0, 'confidence': 0}"
MPHASIS.NS,2185.199951171875,InvestmentDecision.AVOID,0,0,"{'fundamental_score': 7.2, 'technical_score': 0, 'confidence': 0}"
PHOENIXLTD.NS,1560.199951171875,InvestmentDecision.AVOID,0,0,"{'fundamental_score': 8.2, 'technical_score': 0, 'confidence': 0}"
ANANDRATHI.NS,3075.10009765625,InvestmentDecision.AVOID,0,0,"{'fundamental_score': 7.4, 'technical_score': 0, 'confidence': 0}"
KSB.NS,768.1500244140625,InvestmentDecision.AVOID,0,0,"{'fundamental_score': 6.7, 'technical_score': 0, 'confidence': 0}"
EIDPARRY.NS,810.3499755859375,InvestmentDecision.AVOID,0,0,"{'fundamental_score': 6.7, 'technical_score': 0, 'confidence': 0}"
BLUEDART.NS,5303.5,InvestmentDecision.AVOID,0,0,"{'fundamental_score': 6.25, 'technical_score': 0, 'confidence': 0}"
FINPIPE.NS,188.30999755859375,InvestmentDecision.AVOID,0,0,"{'fundamental_score': 7.6, 'technical_score': 0, 'confidence': 0}"
ITI.NS,258.95001220703125,InvestmentDecision.AVOID,0,0,"{'fundamental_score': 6.25, 'technical_score': 0, 'confidence': 0}"
AJANTPHARM.NS,3119.5,InvestmentDecision.AVOID,0,0,"{'fundamental_score': 8.2, 'technical_score': 0, 'confidence': 0}"
RAINBOW.NS,1174.0,InvestmentDecision.AVOID,0,0,"{'fundamental_score': 7.45, 'technical_score': 0, 'confidence': 0}"
CHOLAFIN.NS,1526.0999755859375,InvestmentDecision.AVOID,0,0,"{'fundamental_score': 5.9, 'technical_score': 0, 'confidence': 0}"
HEG.NS,519.1500244140625,InvestmentDecision.AVOID,0,0,"{'fundamental_score': 7.9, 'technical_score': 0, 'confidence': 0}"
INDHOTEL.NS,624.9500122070312,InvestmentDecision.AVOID,0,0,"{'fundamental_score': 7.4, 'technical_score': 0, 'confidence': 0}"
TRITURBINE.NS,470.29998779296875,InvestmentDecision.AVOID,0,0,"{'fundamental_score': 7.9, 'technical_score': 0, 'confidence': 0}"
WOCKPHARMA.NS,1298.5999755859375,InvestmentDecision.AVOID,0,0,"{'fundamental_score': 6.25, 'technical_score': 0, 'confidence': 0}"
ADANIENSOL.NS,1004.4000244140625,InvestmentDecision.AVOID,0,0,"{'fundamental_score': 5.2, 'technical_score': 0, 'confidence': 0}"
INDIANB.NS,909.5999755859375,InvestmentDecision.AVOID,0,0,"{'fundamental_score': 7.4, 'technical_score': 0, 'confidence': 0}"
RPOWER.NS,23.65999984741211,InvestmentDecision.AVOID,0,0,"{'fundamental_score': 6.25, 'technical_score': 0, 'confidence': 0}"
TORNTPHARM.NS,4446.0,InvestmentDecision.AVOID,0,0,"{'fundamental_score': 7.9, 'technical_score': 0, 'confidence': 0}"
VMM.NS,106.06999969482422,InvestmentDecision.AVOID,0,0,"{'fundamental_score': 5.9, 'technical_score': 0, 'confidence': 0}"
SONACOMS.NS,510.29998779296875,InvestmentDecision.AVOID,0,0,"{'fundamental_score': 7.1000000000000005, 'technical_score': 0, 'confidence': 0}"
ALKYLAMINE.NS,1304.0999755859375,InvestmentDecision.AVOID,0,0,"{'fundamental_score': 6.7, 'technical_score': 0, 'confidence': 0}"
DATAPATTNS.NS,3332.0,InvestmentDecision.AVOID,0,0,"{'fundamental_score': 8.2, 'technical_score': 0, 'confidence': 0}"
CROMPTON.NS,247.1999969482422,InvestmentDecision.AVOID,0,0,"{'fundamental_score': 5.9, 'technical_score': 0, 'confidence': 0}"
ASTRAL.NS,1696.0,InvestmentDecision.AVOID,0,0,"{'fundamental_score': 6.7, 'technical_score': 0, 'confidence': 0}"
SHRIRAMFIN.NS,1031.699951171875,InvestmentDecision.AVOID,0,0,"{'fundamental_score': 5.9, 'technical_score': 0, 'confidence': 0}"
DIXON.NS,10803.0,InvestmentDecision.AVOID,0,0,"{'fundamental_score': 6.7, 'technical_score': 0, 'confidence': 0}"
SCHNEIDER.NS,907.4500122070312,InvestmentDecision.AVOID,0,0,"{'fundamental_score': 6.25, 'technical_score': 0, 'confidence': 0}"
BRITANNIA.NS,5787.0,InvestmentDecision.AVOID,0,0,"{'fundamental_score': 6.35, 'technical_score': 0, 'confidence': 0}"
MFSL.NS,1696.199951171875,InvestmentDecision.AVOID,0,0,"{'fundamental_score': 5.9, 'technical_score': 0, 'confidence': 0}"
ABB.NS,6409.0,InvestmentDecision.AVOID,0,0,"{'fundamental_score': 8.1, 'technical_score': 0, 'confidence': 0}"
IIFL.NS,480.70001220703125,InvestmentDecision.AVOID,0,0,"{'fundamental_score': 5.9, 'technical_score': 0, 'confidence': 0}"
ESCORTS.NS,3229.800048828125,InvestmentDecision.AVOID,0,0,"{'fundamental_score': 8.2, 'technical_score': 0, 'confidence': 0}"
SONATSOFTW.NS,242.4499969482422,InvestmentDecision.AVOID,0,0,"{'fundamental_score': 6.7, 'technical_score': 0, 'confidence': 0}"
GILLETTE.NS,7991.5,InvestmentDecision.AVOID,0,0,"{'fundamental_score': 7.4, 'technical_score': 0, 'confidence': 0}"
PFIZER.NS,4695.0,InvestmentDecision.AVOID,0,0,"{'fundamental_score': 8.2, 'technical_score': 0, 'confidence': 0}"
CASTROLIND.NS,185.58999633789062,InvestmentDecision.AVOID,0,0,"{'fundamental_score': 7.5, 'technical_score': 0, 'confidence': 0}"
CESC.NS,159.4199981689453,InvestmentDecision.AVOID,0,0,"{'fundamental_score': 5.8, 'technical_score': 0, 'confidence': 0}"
AARTIIND.NS,446.20001220703125,InvestmentDecision.AVOID,0,0,"{'fundamental_score': 6.25, 'technical_score': 0, 'confidence': 0}"
SOBHA.NS,1340.300048828125,InvestmentDecision.AVOID,0,0,"{'fundamental_score': 6.7, 'technical_score': 0, 'confidence': 0}"
ERIS.NS,1351.5999755859375,InvestmentDecision.AVOID,0,0,"{'fundamental_score': 7.15, 'technical_score': 0, 'confidence': 0}"
POLYCAB.NS,7455.0,InvestmentDecision.AVOID,0,0,"{'fundamental_score': 7.2, 'technical_score': 0, 'confidence': 0}"
CYIENT.NS,902.5499877929688,InvestmentDecision.AVOID,0,0,"{'fundamental_score': 6.7, 'technical_score': 0, 'confidence': 0}"
INOXINDIA.NS,1196.5,InvestmentDecision.AVOID,0,0,"{'fundamental_score': 7.9, 'technical_score': 0, 'confidence': 0}"
RAMCOCEM.NS,995.7000122070312,InvestmentDecision.AVOID,0,0,"{'fundamental_score': 6.25, 'technical_score': 0, 'confidence': 0}"
IRB.NS,42.56999969482422,InvestmentDecision.AVOID,0,0,"{'fundamental_score': 5.8, 'technical_score': 0, 'confidence': 0}"
CAPLIPOINT.NS,1687.5999755859375,InvestmentDecision.AVOID,0,0,"{'fundamental_score': 8.2, 'technical_score': 0, 'confidence': 0}"
LTF.NS,265.5,InvestmentDecision.AVOID,0,0,"{'fundamental_score': 5.9, 'technical_score': 0, 'confidence': 0}"
HONASA.NS,280.5,InvestmentDecision.AVOID,0,0,"{'fundamental_score': 5.9, 'technical_score': 0, 'confidence': 0}"
EICHERMOT.NS,6975.5,InvestmentDecision.AVOID,0,0,"{'fundamental_score': 4.0, 'technical_score': 0, 'confidence': 0}"
HEROMOTOCO.NS,5394.5,InvestmentDecision.AVOID,0,0,"{'fundamental_score': 6.800000000000001, 'technical_score': 0, 'confidence': 0}"
FEDERALBNK.NS,270.25,InvestmentDecision.AVOID,0,0,"{'fundamental_score': 7.4, 'technical_score': 0, 'confidence': 0}"
KIMS.NS,664.4000244140625,InvestmentDecision.AVOID,0,0,"{'fundamental_score': 5.8, 'technical_score': 0, 'confidence': 0}"
DOMS.NS,2154.0,InvestmentDecision.AVOID,0,0,"{'fundamental_score': 6.7, 'technical_score': 0, 'confidence': 0}"
BAJAJ-AUTO.NS,9162.0,InvestmentDecision.AVOID,0,0,"{'fundamental_score': 6.65, 'technical_score': 0, 'confidence': 0}"
TTML.NS,39.33000183105469,InvestmentDecision.AVOID,0,0,"{'fundamental_score': 6.7, 'technical_score': 0, 'confidence': 0}"
LTTS.NS,3129.5,InvestmentDecision.AVOID,0,0,"{'fundamental_score': 6.7, 'technical_score': 0, 'confidence': 0}"
AGARWALEYE.NS,435.29998779296875,InvestmentDecision.AVOID,0,0,"{'fundamental_score': 6.7, 'technical_score': 0, 'confidence': 0}"
BOSCHLTD.NS,31305.0,InvestmentDecision.AVOID,0,0,"{'fundamental_score': 6.800000000000001, 'technical_score': 0, 'confidence': 0}"
BERGEPAINT.NS,422.70001220703125,InvestmentDecision.AVOID,0,0,"{'fundamental_score': 6.7, 'technical_score': 0, 'confidence': 0}"
PGHH.NS,10821.0,InvestmentDecision.AVOID,0,0,"{'fundamental_score': 6.1, 'technical_score': 0, 'confidence': 0}"
SBICARD.NS,710.25,InvestmentDecision.AVOID,0,0,"{'fundamental_score': 5.9, 'technical_score': 0, 'confidence': 0}"
LLOYDSME.NS,1205.0,InvestmentDecision.AVOID,0,0,"{'fundamental_score': 7.3, 'technical_score': 0, 'confidence': 0}"
CAMPUS.NS,240.0,InvestmentDecision.AVOID,0,0,"{'fundamental_score': 5.9, 'technical_score': 0, 'confidence': 0}"
KPITTECH.NS,671.25,InvestmentDecision.AVOID,0,0,"{'fundamental_score': 6.7, 'technical_score': 0, 'confidence': 0}"
KFINTECH.NS,907.5999755859375,InvestmentDecision.AVOID,0,0,"{'fundamental_score': 8.2, 'technical_score': 0, 'confidence': 0}"
BAYERCROP.NS,4502.5,InvestmentDecision.AVOID,0,0,"{'fundamental_score': 6.7, 'technical_score': 0, 'confidence': 0}"
ENRIN.NS,2866.89990234375,InvestmentDecision.AVOID,0,0,"{'fundamental_score': 7.6, 'technical_score': 0, 'confidence': 0}"
POLICYBZR.NS,1462.699951171875,InvestmentDecision.AVOID,0,0,"{'fundamental_score': 5.9, 'technical_score': 0, 'confidence': 0}"
BAJFINANCE.NS,863.0999755859375,InvestmentDecision.AVOID,0,0,"{'fundamental_score': 5.9, 'technical_score': 0, 'confidence': 0}"
TMPV.NS,324.54998779296875,InvestmentDecision.AVOID,0,0,"{'fundamental_score': 6.95, 'technical_score': 0, 'confidence': 0}"
KALYANKJIL.NS,389.95001220703125,InvestmentDecision.AVOID,0,0,"{'fundamental_score': 5.45, 'technical_score': 0, 'confidence': 0}"
SAMMAANCAP.NS,142.4199981689453,InvestmentDecision.AVOID,0,0,"{'fundamental_score': 5.9, 'technical_score': 0, 'confidence': 0}"
USHAMART.NS,421.1499938964844,InvestmentDecision.AVOID,0,0,"{'fundamental_score': 6.7, 'technical_score': 0, 'confidence': 0}"
INFY.NS,1265.800048828125,InvestmentDecision.AVOID,0,0,"{'fundamental_score': 6.0, 'technical_score': 0, 'confidence': 0}"
HAVELLS.NS,1354.0,InvestmentDecision.AVOID,0,0,"{'fundamental_score': 6.7, 'technical_score': 0, 'confidence': 0}"
OLECTRA.NS,903.75,InvestmentDecision.AVOID,0,0,"{'fundamental_score': 6.7, 'technical_score': 0, 'confidence': 0}"
ZEEL.NS,82.0199966430664,InvestmentDecision.AVOID,0,0,"{'fundamental_score': 6.7, 'technical_score': 0, 'confidence': 0}"
WELSPUNLIV.NS,115.86000061035156,InvestmentDecision.AVOID,0,0,"{'fundamental_score': 5.45, 'technical_score': 0, 'confidence': 0}"
CHALET.NS,774.5499877929688,InvestmentDecision.AVOID,0,0,"{'fundamental_score': 6.95, 'technical_score': 0, 'confidence': 0}"
GODIGIT.NS,344.5,InvestmentDecision.AVOID,0,0,"{'fundamental_score': 5.9, 'technical_score': 0, 'confidence': 0}"
RHIM.NS,380.8999938964844,InvestmentDecision.AVOID,0,0,"{'fundamental_score': 6.7, 'technical_score': 0, 'confidence': 0}"
NEULANDLAB.NS,12574.0,InvestmentDecision.AVOID,0,0,"{'fundamental_score': 6.7, 'technical_score': 0, 'confidence': 0}"
DEEPAKNTR.NS,1480.5,InvestmentDecision.AVOID,0,0,"{'fundamental_score': 6.7, 'technical_score': 0, 'confidence': 0}"
COROMANDEL.NS,2008.5,InvestmentDecision.AVOID,0,0,"{'fundamental_score': 6.7, 'technical_score': 0, 'confidence': 0}"
STARHEALTH.NS,462.29998779296875,InvestmentDecision.AVOID,0,0,"{'fundamental_score': 5.9, 'technical_score': 0, 'confidence': 0}"
ELGIEQUIP.NS,490.6499938964844,InvestmentDecision.AVOID,0,0,"{'fundamental_score': 6.7, 'technical_score': 0, 'confidence': 0}"
ARE&M.NS,789.7999877929688,InvestmentDecision.AVOID,0,0,"{'fundamental_score': 6.7, 'technical_score': 0, 'confidence': 0}"
JMFINANCIL.NS,123.37999725341797,InvestmentDecision.AVOID,0,0,"{'fundamental_score': 6.5, 'technical_score': 0, 'confidence': 0}"
FORTIS.NS,859.5,InvestmentDecision.AVOID,0,0,"{'fundamental_score': 6.7, 'technical_score': 0, 'confidence': 0}"
MOTILALOFS.NS,697.4000244140625,InvestmentDecision.AVOID,0,0,"{'fundamental_score': 6.5, 'technical_score': 0, 'confidence': 0}"
CGCL.NS,169.0500030517578,InvestmentDecision.AVOID,0,0,"{'fundamental_score': 5.9, 'technical_score': 0, 'confidence': 0}"
JBCHEPHARM.NS,2131.39990234375,InvestmentDecision.AVOID,0,0,"{'fundamental_score': 7.9, 'technical_score': 0, 'confidence': 0}"
SOLARINDS.NS,14525.0,InvestmentDecision.AVOID,0,0,"{'fundamental_score': 7.9, 'technical_score': 0, 'confidence': 0}"
ACMESOLAR.NS,240.0800018310547,InvestmentDecision.AVOID,0,0,"{'fundamental_score': 6.7, 'technical_score': 0, 'confidence': 0}"
CERA.NS,4667.89990234375,InvestmentDecision.AVOID,0,0,"{'fundamental_score': 6.7, 'technical_score': 0, 'confidence': 0}"
DBREALTY.NS,103.52999877929688,InvestmentDecision.AVOID,0,0,"{'fundamental_score': 6.7, 'technical_score': 0, 'confidence': 0}"
GRANULES.NS,586.75,InvestmentDecision.AVOID,0,0,"{'fundamental_score': 6.7, 'technical_score': 0, 'confidence': 0}"
ALOKINDS.NS,13.210000038146973,InvestmentDecision.AVOID,0,0,"{'fundamental_score': 5.9, 'technical_score': 0, 'confidence': 0}"
NBCC.NS,86.58000183105469,InvestmentDecision.AVOID,0,0,"{'fundamental_score': 6.7, 'technical_score': 0, 'confidence': 0}"
PERSISTENT.NS,4714.39990234375,InvestmentDecision.AVOID,0,0,"{'fundamental_score': 8.1, 'technical_score': 0, 'confidence': 0}"
IDFCFIRSTB.NS,64.77999877929688,InvestmentDecision.AVOID,0,0,"{'fundamental_score': 4.300000000000001, 'technical_score': 0, 'confidence': 0}"
WELCORP.NS,844.25,InvestmentDecision.AVOID,0,0,"{'fundamental_score': 6.7, 'technical_score': 0, 'confidence': 0}"
AEGISVOPAK.NS,193.47000122070312,InvestmentDecision.AVOID,0,0,"{'fundamental_score': 7.4, 'technical_score': 0, 'confidence': 0}"
GUJGASLTD.NS,388.3999938964844,InvestmentDecision.AVOID,0,0,"{'fundamental_score': 6.7, 'technical_score': 0, 'confidence': 0}"
GRAPHITE.NS,645.7000122070312,InvestmentDecision.AVOID,0,0,"{'fundamental_score': 7.6, 'technical_score': 0, 'confidence': 0}"
AWL.NS,176.14999389648438,InvestmentDecision.AVOID,0,0,"{'fundamental_score': 5.9, 'technical_score': 0, 'confidence': 0}"
JSWINFRA.NS,258.95001220703125,InvestmentDecision.AVOID,0,0,"{'fundamental_score': 8.2, 'technical_score': 0, 'confidence': 0}"
RRKABEL.NS,1433.800048828125,InvestmentDecision.AVOID,0,0,"{'fundamental_score': 6.7, 'technical_score': 0, 'confidence': 0}"
IGL.NS,161.91000366210938,InvestmentDecision.AVOID,0,0,"{'fundamental_score': 6.7, 'technical_score': 0, 'confidence': 0}"
HDFCAMC.NS,2429.0,InvestmentDecision.AVOID,0,0,"{'fundamental_score': 7.4, 'technical_score': 0, 'confidence': 0}"
REDINGTON.NS,245.5500030517578,InvestmentDecision.AVOID,0,0,"{'fundamental_score': 6.7, 'technical_score': 0, 'confidence': 0}"
PCBL.NS,272.0,InvestmentDecision.AVOID,0,0,"{'fundamental_score': 5.8, 'technical_score': 0, 'confidence': 0}"
POLYMED.NS,1312.300048828125,InvestmentDecision.AVOID,0,0,"{'fundamental_score': 8.2, 'technical_score': 0, 'confidence': 0}"
PAYTM.NS,1009.0999755859375,InvestmentDecision.AVOID,0,0,"{'fundamental_score': 6.7, 'technical_score': 0, 'confidence': 0}"
LICHSGFIN.NS,498.5,InvestmentDecision.AVOID,0,0,"{'fundamental_score': 5.9, 'technical_score': 0, 'confidence': 0}"
CGPOWER.NS,737.2999877929688,InvestmentDecision.AVOID,0,0,"{'fundamental_score': 5.5, 'technical_score': 0, 'confidence': 0}"
NIVABUPA.NS,70.05999755859375,InvestmentDecision.AVOID,0,0,"{'fundamental_score': 4.300000000000001, 'technical_score': 0, 'confidence': 0}"
HAPPSTMNDS.NS,409.04998779296875,InvestmentDecision.AVOID,0,0,"{'fundamental_score': 5.7, 'technical_score': 0, 'confidence': 0}"
BLS.NS,251.75,InvestmentDecision.AVOID,0,0,"{'fundamental_score': 8.2, 'technical_score': 0, 'confidence': 0}"
CHOICEIN.NS,645.25,InvestmentDecision.AVOID,0,0,"{'fundamental_score': 7.4, 'technical_score': 0, 'confidence': 0}"
HONAUT.NS,30580.0,InvestmentDecision.AVOID,0,0,"{'fundamental_score': 6.7, 'technical_score': 0, 'confidence': 0}"
GPIL.NS,264.70001220703125,InvestmentDecision.AVOID,0,0,"{'fundamental_score': 7.6, 'technical_score': 0, 'confidence': 0}"
ZENTEC.NS,1418.5999755859375,InvestmentDecision.AVOID,0,0,"{'fundamental_score': 8.2, 'technical_score': 0, 'confidence': 0}"
OBEROIRLTY.NS,1470.300048828125,InvestmentDecision.AVOID,0,0,"{'fundamental_score': 8.2, 'technical_score': 0, 'confidence': 0}"
UTIAMC.NS,980.0499877929688,InvestmentDecision.AVOID,0,0,"{'fundamental_score': 7.4, 'technical_score': 0, 'confidence': 0}"
BSOFT.NS,374.6000061035156,InvestmentDecision.AVOID,0,0,"{'fundamental_score': 6.7, 'technical_score': 0, 'confidence': 0}"
NH.NS,1705.5,InvestmentDecision.AVOID,0,0,"{'fundamental_score': 6.25, 'technical_score': 0, 'confidence': 0}"
DLF.NS,558.0999755859375,InvestmentDecision.AVOID,0,0,"{'fundamental_score': 8.2, 'technical_score': 0, 'confidence': 0}"
FSL.NS,222.05999755859375,InvestmentDecision.AVOID,0,0,"{'fundamental_score': 6.25, 'technical_score': 0, 'confidence': 0}"
BATAINDIA.NS,713.9500122070312,InvestmentDecision.AVOID,0,0,"{'fundamental_score': 5.45, 'technical_score': 0, 'confidence': 0}"
AFCONS.NS,278.5,InvestmentDecision.AVOID,0,0,"{'fundamental_score': 6.25, 'technical_score': 0, 'confidence': 0}"
FINCABLES.NS,894.4500122070312,InvestmentDecision.AVOID,0,0,"{'fundamental_score': 6.7, 'technical_score': 0, 'confidence': 0}"
JUBLINGREA.NS,577.9500122070312,InvestmentDecision.AVOID,0,0,"{'fundamental_score': 6.7, 'technical_score': 0, 'confidence': 0}"
JPPOWER.NS,14.170000076293945,InvestmentDecision.AVOID,0,0,"{'fundamental_score': 6.7, 'technical_score': 0, 'confidence': 0}"
ENDURANCE.NS,2460.5,InvestmentDecision.AVOID,0,0,"{'fundamental_score': 5.9, 'technical_score': 0, 'confidence': 0}"
METROPOLIS.NS,1823.9000244140625,InvestmentDecision.AVOID,0,0,"{'fundamental_score': 6.7, 'technical_score': 0, 'confidence': 0}"
UBL.NS,1645.5,InvestmentDecision.AVOID,0,0,"{'fundamental_score': 5.9, 'technical_score': 0, 'confidence': 0}"
WHIRLPOOL.NS,860.8499755859375,InvestmentDecision.AVOID,0,0,"{'fundamental_score': 5.9, 'technical_score': 0, 'confidence': 0}"
SIEMENS.NS,3324.699951171875,InvestmentDecision.AVOID,0,0,"{'fundamental_score': 6.6, 'technical_score': 0, 'confidence': 0}"
ITCHOTELS.NS,157.9600067138672,InvestmentDecision.AVOID,0,0,"{'fundamental_score': 7.4, 'technical_score': 0, 'confidence': 0}"
MSUMI.NS,40.060001373291016,InvestmentDecision.AVOID,0,0,"{'fundamental_score': 5.9, 'technical_score': 0, 'confidence': 0}"
NAVA.NS,575.5,InvestmentDecision.AVOID,0,0,"{'fundamental_score': 8.2, 'technical_score': 0, 'confidence': 0}"
PRAJIND.NS,314.45001220703125,InvestmentDecision.AVOID,0,0,"{'fundamental_score': 6.7, 'technical_score': 0, 'confidence': 0}"
CRAFTSMAN.NS,7354.0,InvestmentDecision.AVOID,0,0,"{'fundamental_score': 5.0, 'technical_score': 0, 'confidence': 0}"
JUBLPHARMA.NS,827.6500244140625,InvestmentDecision.AVOID,0,0,"{'fundamental_score': 6.7, 'technical_score': 0, 'confidence': 0}"
ZFCVINDIA.NS,13971.0,InvestmentDecision.AVOID,0,0,"{'fundamental_score': 6.800000000000001, 'technical_score': 0, 'confidence': 0}"
DIVISLAB.NS,6282.0,InvestmentDecision.AVOID,0,0,"{'fundamental_score': 3.5, 'technical_score': 0, 'confidence': 0}"
TIINDIA.NS,2549.699951171875,InvestmentDecision.AVOID,0,0,"{'fundamental_score': 6.7, 'technical_score': 0, 'confidence': 0}"
NAM-INDIA.NS,846.3499755859375,InvestmentDecision.AVOID,0,0,"{'fundamental_score': 7.4, 'technical_score': 0, 'confidence': 0}"
TARIL.NS,292.3999938964844,InvestmentDecision.AVOID,0,0,"{'fundamental_score': 6.7, 'technical_score': 0, 'confidence': 0}"
GSPL.NS,278.79998779296875,InvestmentDecision.AVOID,0,0,"{'fundamental_score': 6.7, 'technical_score': 0, 'confidence': 0}"
HBLENGINE.NS,689.7999877929688,InvestmentDecision.AVOID,0,0,"{'fundamental_score': 8.2, 'technical_score': 0, 'confidence': 0}"
IPCALAB.NS,1560.800048828125,InvestmentDecision.AVOID,0,0,"{'fundamental_score': 6.7, 'technical_score': 0, 'confidence': 0}"
NEWGEN.NS,451.8500061035156,InvestmentDecision.AVOID,0,0,"{'fundamental_score': 8.2, 'technical_score': 0, 'confidence': 0}"
SYRMA.NS,750.2000122070312,InvestmentDecision.AVOID,0,0,"{'fundamental_score': 6.7, 'technical_score': 0, 'confidence': 0}"
CENTURYPLY.NS,685.0,InvestmentDecision.AVOID,0,0,"{'fundamental_score': 6.25, 'technical_score': 0, 'confidence': 0}"
JKCEMENT.NS,5199.0,InvestmentDecision.AVOID,0,0,"{'fundamental_score': 6.25, 'technical_score': 0, 'confidence': 0}"
BASF.NS,3469.699951171875,InvestmentDecision.AVOID,0,0,"{'fundamental_score': 6.7, 'technical_score': 0, 'confidence': 0}"
JBMA.NS,514.0499877929688,InvestmentDecision.AVOID,0,0,"{'fundamental_score': 4.4, 'technical_score': 0, 'confidence': 0}"
GODREJIND.NS,892.8499755859375,InvestmentDecision.AVOID,0,0,"{'fundamental_score': 5.2, 'technical_score': 0, 'confidence': 0}"
TRIDENT.NS,23.299999237060547,InvestmentDecision.AVOID,0,0,"{'fundamental_score': 5.9, 'technical_score': 0, 'confidence': 0}"
TBOTEK.NS,1212.4000244140625,InvestmentDecision.AVOID,0,0,"{'fundamental_score': 5.45, 'technical_score': 0, 'confidence': 0}"
ASAHIINDIA.NS,856.2000122070312,InvestmentDecision.AVOID,0,0,"{'fundamental_score': 5.45, 'technical_score': 0, 'confidence': 0}"
CAMS.NS,663.75,InvestmentDecision.AVOID,0,0,"{'fundamental_score': 8.2, 'technical_score': 0, 'confidence': 0}"
ASTRAZEN.NS,8609.0,InvestmentDecision.AVOID,0,0,"{'fundamental_score': 6.7, 'technical_score': 0, 'confidence': 0}"
DELHIVERY.NS,408.20001220703125,InvestmentDecision.AVOID,0,0,"{'fundamental_score': 6.7, 'technical_score': 0, 'confidence': 0}"
ACE.NS,865.8499755859375,InvestmentDecision.AVOID,0,0,"{'fundamental_score': 7.6, 'technical_score': 0, 'confidence': 0}"
THERMAX.NS,3165.300048828125,InvestmentDecision.AVOID,0,0,"{'fundamental_score': 6.7, 'technical_score': 0, 'confidence': 0}"
BIOCON.NS,392.20001220703125,InvestmentDecision.AVOID,0,0,"{'fundamental_score': 6.25, 'technical_score': 0, 'confidence': 0}"
ASTERDM.NS,684.0499877929688,InvestmentDecision.AVOID,0,0,"{'fundamental_score': 6.7, 'technical_score': 0, 'confidence': 0}"
ONESOURCE.NS,1469.199951171875,InvestmentDecision.AVOID,0,0,"{'fundamental_score': 6.7, 'technical_score': 0, 'confidence': 0}"
PVRINOX.NS,996.2999877929688,InvestmentDecision.AVOID,0,0,"{'fundamental_score': 5.8, 'technical_score': 0, 'confidence': 0}"
AUROPHARMA.NS,1311.9000244140625,InvestmentDecision.AVOID,0,0,"{'fundamental_score': 2.5, 'technical_score': 0, 'confidence': 0}"
CREDITACC.NS,1177.199951171875,InvestmentDecision.AVOID,0,0,"{'fundamental_score': 5.9, 'technical_score': 0, 'confidence': 0}"
POONAWALLA.NS,410.95001220703125,InvestmentDecision.AVOID,0,0,"{'fundamental_score': 5.300000000000001, 'technical_score': 0, 'confidence': 0}"
MAHSEAMLES.NS,561.5,InvestmentDecision.AVOID,0,0,"{'fundamental_score': 7.9, 'technical_score': 0, 'confidence': 0}"
MAPMYINDIA.NS,967.0999755859375,InvestmentDecision.AVOID,0,0,"{'fundamental_score': 8.2, 'technical_score': 0, 'confidence': 0}"
LALPATHLAB.NS,1377.0,InvestmentDecision.AVOID,0,0,"{'fundamental_score': 8.2, 'technical_score': 0, 'confidence': 0}"
KIRLOSENG.NS,1468.9000244140625,InvestmentDecision.AVOID,0,0,"{'fundamental_score': 5.2, 'technical_score': 0, 'confidence': 0}"
HFCL.NS,74.47000122070312,InvestmentDecision.AVOID,0,0,"{'fundamental_score': 6.7, 'technical_score': 0, 'confidence': 0}"
CHAMBLFERT.NS,434.1000061035156,InvestmentDecision.AVOID,0,0,"{'fundamental_score': 6.7, 'technical_score': 0, 'confidence': 0}"
BAJAJHLDNG.NS,9789.0,InvestmentDecision.AVOID,0,0,"{'fundamental_score': 7.4, 'technical_score': 0, 'confidence': 0}"
POWERINDIA.NS,24880.0,InvestmentDecision.AVOID,0,0,"{'fundamental_score': 6.7, 'technical_score': 0, 'confidence': 0}"
TRIVENI.NS,359.95001220703125,InvestmentDecision.AVOID,0,0,"{'fundamental_score': 5.9, 'technical_score': 0, 'confidence': 0}"
ELECON.NS,391.0,InvestmentDecision.AVOID,0,0,"{'fundamental_score': 8.2, 'technical_score': 0, 'confidence': 0}"
EMCURE.NS,1514.199951171875,InvestmentDecision.AVOID,0,0,"{'fundamental_score': 6.7, 'technical_score': 0, 'confidence': 0}"
BALRAMCHIN.NS,509.29998779296875,InvestmentDecision.AVOID,0,0,"{'fundamental_score': 5.9, 'technical_score': 0, 'confidence': 0}"
FIRSTCRY.NS,223.1699981689453,InvestmentDecision.AVOID,0,0,"{'fundamental_score': 5.9, 'technical_score': 0, 'confidence': 0}"
GODREJPROP.NS,1616.300048828125,InvestmentDecision.AVOID,0,0,"{'fundamental_score': 7.75, 'technical_score': 0, 'confidence': 0}"
SAREGAMA.NS,347.54998779296875,InvestmentDecision.AVOID,0,0,"{'fundamental_score': 8.2, 'technical_score': 0, 'confidence': 0}"
AFFLE.NS,1377.800048828125,InvestmentDecision.AVOID,0,0,"{'fundamental_score': 7.9, 'technical_score': 0, 'confidence': 0}"
BHARTIHEXA.NS,1521.9000244140625,InvestmentDecision.AVOID,0,0,"{'fundamental_score': 8.25, 'technical_score': 0, 'confidence': 0}"
NATCOPHARM.NS,1016.2000122070312,InvestmentDecision.AVOID,0,0,"{'fundamental_score': 8.2, 'technical_score': 0, 'confidence': 0}"
SAILIFE.NS,1008.8499755859375,InvestmentDecision.AVOID,0,0,"{'fundamental_score': 7.9, 'technical_score': 0, 'confidence': 0}"
ABREL.NS,1189.800048828125,InvestmentDecision.AVOID,0,0,"{'fundamental_score': 5.8, 'technical_score': 0, 'confidence': 0}"
CUMMINSIND.NS,4753.60009765625,InvestmentDecision.AVOID,0,0,"{'fundamental_score': 8.2, 'technical_score': 0, 'confidence': 0}"
AMBER.NS,6929.5,InvestmentDecision.AVOID,0,0,"{'fundamental_score': 5.45, 'technical_score': 0, 'confidence': 0}"
UNOMINDA.NS,1068.5,InvestmentDecision.AVOID,0,0,"{'fundamental_score': 5.9, 'technical_score': 0, 'confidence': 0}"
GRAVITA.NS,1503.199951171875,InvestmentDecision.AVOID,0,0,"{'fundamental_score': 6.7, 'technical_score': 0, 'confidence': 0}"
RADICO.NS,2857.5,InvestmentDecision.AVOID,0,0,"{'fundamental_score': 5.9, 'technical_score': 0, 'confidence': 0}"
SWANCORP.NS,361.75,InvestmentDecision.AVOID,0,0,"{'fundamental_score': 6.7, 'technical_score': 0, 'confidence': 0}"
LAURUSLABS.NS,1046.800048828125,InvestmentDecision.AVOID,0,0,"{'fundamental_score': 7.6, 'technical_score': 0, 'confidence': 0}"
PRESTIGE.NS,1252.699951171875,InvestmentDecision.AVOID,0,0,"{'fundamental_score': 4.25, 'technical_score': 0, 'confidence': 0}"
APARINDS.NS,9456.0,InvestmentDecision.AVOID,0,0,"{'fundamental_score': 6.7, 'technical_score': 0, 'confidence': 0}"
COHANCE.NS,289.3500061035156,InvestmentDecision.AVOID,0,0,"{'fundamental_score': 6.7, 'technical_score': 0, 'confidence': 0}"
MAHSCOOTER.NS,12816.0,InvestmentDecision.AVOID,0,0,"{'fundamental_score': 7.4, 'technical_score': 0, 'confidence': 0}"
RELINFRA.NS,89.88999938964844,InvestmentDecision.AVOID,0,0,"{'fundamental_score': 8.2, 'technical_score': 0, 'confidence': 0}"
CUB.NS,243.85000610351562,InvestmentDecision.AVOID,0,0,"{'fundamental_score': 7.4, 'technical_score': 0, 'confidence': 0}"
GVT&D.NS,3749.800048828125,InvestmentDecision.AVOID,0,0,"{'fundamental_score': 8.2, 'technical_score': 0, 'confidence': 0}"
SIGNATURE.NS,814.7000122070312,InvestmentDecision.AVOID,0,0,"{'fundamental_score': 5.2, 'technical_score': 0, 'confidence': 0}"
TEJASNET.NS,441.1000061035156,InvestmentDecision.AVOID,0,0,"{'fundamental_score': 5.8, 'technical_score': 0, 'confidence': 0}"
JTLIND.NS,54.25,InvestmentDecision.AVOID,0,0,"{'fundamental_score': 6.7, 'technical_score': 0, 'confidence': 0}"
PVP.NS,24.940000534057617,InvestmentDecision.AVOID,0,0,"{'fundamental_score': 6.25, 'technical_score': 0, 'confidence': 0}"
RICOAUTO.NS,111.80999755859375,InvestmentDecision.AVOID,0,0,"{'fundamental_score': 5.45, 'technical_score': 0, 'confidence': 0}"
EQUITASBNK.NS,56.75,InvestmentDecision.AVOID,0,0,"{'fundamental_score': 5.45, 'technical_score': 0, 'confidence': 0}"
SAMMAANCAP.NS,142.4199981689453,InvestmentDecision.AVOID,0,0,"{'fundamental_score': 5.9, 'technical_score': 0, 'confidence': 0}"
