Ticker,Signal,Current_Price,Trend_Assessment,RSI,MACD,MA20,MA50,MA200,ATR,Buy_Range_Low,Buy_Range_High,Stop_Loss,Target,RR_Ratio,Risk_Context,Confidence,Rules_Passed,Rules_Failed
IFCI.NS,SELL,nan,downtrend,47.22,-1.58,0.0,,0.0,nan,,,nan,nan,0,ELEVATED,71,0,3
FORCEMOT.NS,SELL,nan,downtrend,48.8,-418.01,0.0,,0.0,nan,,,nan,nan,0,ELEVATED,70,0,3
SBFC.NS,SELL,80.95,downtrend,15.77,-3.29,89.35,,104.66,3.39,,,87.72,64.02,2.5,LOW,87,1,2
HINDCOPPER.NS,SELL,nan,downtrend,39.37,-24.49,0.0,,0.0,nan,,,nan,nan,0,ELEVATED,75,1,2
BSE.NS,HOLD,nan,weak_trend,50.58,5.65,0.0,,0.0,nan,,,nan,nan,0,ELEVATED,40,0,3
PREMIERENE.NS,HOLD,nan,weak_trend,85.3,36.52,0.0,,0.0,nan,,,nan,nan,0,ELEVATED,40,0,3
IREDA.NS,HOLD,nan,weak_trend,49.94,-2.71,0.0,,0.0,nan,,,nan,nan,0,ELEVATED,40,1,2
HINDZINC.NS,SELL,nan,downtrend,33.47,-27.68,0.0,,0.0,nan,,,nan,nan,0,ELEVATED,78,0,3
SARDAEN.NS,SELL,nan,downtrend,40.36,-2.41,0.0,,0.0,nan,,,nan,nan,0,ELEVATED,74,0,3
ANANTRAJ.NS,SELL,nan,downtrend,40.09,-22.03,0.0,,0.0,nan,,,nan,nan,0,ELEVATED,74,1,2
PFC.NS,HOLD,nan,weak_trend,52.72,1.17,0.0,,0.0,nan,,,nan,nan,0,ELEVATED,40,0,3
SJVN.NS,SELL,nan,downtrend,42.13,-1.59,0.0,,0.0,nan,,,nan,nan,0,ELEVATED,73,1,2
HOMEFIRST.NS,SELL,nan,downtrend,30.26,-54.05,0.0,,0.0,nan,,,nan,nan,0,ELEVATED,79,0,3
COALINDIA.NS,HOLD,nan,weak_trend,53.89,5.91,0.0,,0.0,nan,,,nan,nan,0,ELEVATED,40,1,2
CHENNPETRO.NS,HOLD,nan,weak_trend,52.5,24.74,0.0,,0.0,nan,,,nan,nan,0,ELEVATED,40,0,3
VTL.NS,SELL,nan,downtrend,43.01,6.98,0.0,,0.0,nan,,,nan,nan,0,ELEVATED,73,1,2
LINDEINDIA.NS,SELL,nan,downtrend,60.05,180.05,0.0,,0.0,nan,,,nan,nan,0,ELEVATED,64,2,1
VEDL.NS,SELL,nan,downtrend,32.78,-8.86,0.0,,0.0,nan,,,nan,nan,0,ELEVATED,78,1,2
ABLBL.NS,HOLD,88.23,weak_trend,35.15,-4.46,97.34,,0.0,4.11,,,82.06,96.45,1.33,LOW,40,0,3
INDUSINDBK.NS,SELL,nan,downtrend,33.72,-31.81,0.0,,0.0,nan,,,nan,nan,0,ELEVATED,78,1,2
MANAPPURAM.NS,HOLD,nan,weak_trend,47.97,-9.23,0.0,,0.0,nan,,,nan,nan,0,ELEVATED,40,0,3
GODFRYPHLP.NS,SELL,nan,downtrend,43.65,-56.95,0.0,,0.0,nan,,,nan,nan,0,ELEVATED,73,1,2
TATASTEEL.NS,HOLD,nan,weak_trend,51.81,-1.93,0.0,,0.0,nan,,,nan,nan,0,ELEVATED,40,1,2
SAIL.NS,SELL,nan,downtrend,47.2,-2.11,0.0,,0.0,nan,,,nan,nan,0,ELEVATED,71,1,2
IEX.NS,HOLD,nan,weak_trend,47.8,-1.76,0.0,,0.0,nan,,,nan,nan,0,ELEVATED,40,1,2
ASIANPAINT.NS,HOLD,nan,weak_trend,48.84,-58.83,0.0,,0.0,nan,,,nan,nan,0,ELEVATED,40,0,3
GMDCLTD.NS,SELL,nan,downtrend,59.72,1.39,0.0,,0.0,nan,,,nan,nan,0,ELEVATED,65,1,2
MAHABANK.NS,SELL,nan,downtrend,47.32,-0.97,0.0,,0.0,nan,,,nan,nan,0,ELEVATED,71,0,3
MUTHOOTFIN.NS,SELL,nan,downtrend,51.41,-81.28,0.0,,0.0,nan,,,nan,nan,0,ELEVATED,69,1,2
JSWSTEEL.NS,SELL,nan,downtrend,42.17,-23.83,0.0,,0.0,nan,,,nan,nan,0,ELEVATED,73,1,2
BALKRISIND.NS,HOLD,nan,weak_trend,43.21,-85.96,0.0,,0.0,nan,,,nan,nan,0,ELEVATED,40,1,2
BLUEJET.NS,SELL,nan,downtrend,37.15,-15.96,0.0,,0.0,nan,,,nan,nan,0,ELEVATED,76,1,2
HINDALCO.NS,SELL,nan,downtrend,33.44,-18.71,0.0,,0.0,nan,,,nan,nan,0,ELEVATED,78,1,2
MCX.NS,SELL,nan,downtrend,39.2,0.96,0.0,,0.0,nan,,,nan,nan,0,ELEVATED,75,0,3
EMAMILTD.NS,SELL,nan,downtrend,21.24,-20.97,0.0,,0.0,nan,,,nan,nan,0,ELEVATED,84,0,3
COLPAL.NS,SELL,nan,downtrend,23.95,-77.22,0.0,,0.0,nan,,,nan,nan,0,ELEVATED,83,1,2
3MINDIA.NS,SELL,nan,downtrend,30.09,-1068.68,0.0,,0.0,nan,,,nan,nan,0,ELEVATED,79,0,3
TORNTPOWER.NS,SELL,nan,downtrend,38.85,-19.51,0.0,,0.0,nan,,,nan,nan,0,ELEVATED,75,1,2
TRENT.NS,SELL,nan,downtrend,36.17,-142.1,0.0,,0.0,nan,,,nan,nan,0,ELEVATED,76,1,2
DEVYANI.NS,SELL,nan,downtrend,32.21,-6.68,0.0,,0.0,nan,,,nan,nan,0,ELEVATED,78,1,2
BRIGADE.NS,SELL,nan,downtrend,57.97,-20.71,0.0,,0.0,nan,,,nan,nan,0,ELEVATED,66,1,2
RECLTD.NS,SELL,nan,downtrend,48.57,-6.83,0.0,,0.0,nan,,,nan,nan,0,ELEVATED,70,1,2
NAVINFLUOR.NS,SELL,nan,downtrend,39.81,-47.19,0.0,,0.0,nan,,,nan,nan,0,ELEVATED,75,0,3
ATUL.NS,HOLD,nan,weak_trend,53.88,-52.36,0.0,,0.0,nan,,,nan,nan,0,ELEVATED,40,1,2
MRPL.NS,SELL,nan,downtrend,44.02,-0.51,0.0,,0.0,nan,,,nan,nan,0,ELEVATED,72,0,3
NLCINDIA.NS,SELL,nan,downtrend,69.29,2.19,0.0,,0.0,nan,,,nan,nan,0,ELEVATED,60,2,1
NMDC.NS,SELL,nan,downtrend,44.78,-0.72,0.0,,0.0,nan,,,nan,nan,0,ELEVATED,72,0,3
JWL.NS,SELL,nan,downtrend,25.31,-9.0,0.0,,0.0,nan,,,nan,nan,0,ELEVATED,82,0,3
JYOTICNC.NS,HOLD,nan,weak_trend,46.02,-22.8,0.0,,0.0,nan,,,nan,nan,0,ELEVATED,40,0,3
WAAREEENER.NS,HOLD,nan,weak_trend,75.97,78.98,0.0,,0.0,nan,,,nan,nan,0,ELEVATED,40,0,3
JSWCEMENT.NS,SELL,nan,downtrend,34.66,-1.63,0.0,,0.0,nan,,,nan,nan,0,ELEVATED,77,0,3
LEMONTREE.NS,HOLD,nan,weak_trend,44.8,-4.7,0.0,,0.0,nan,,,nan,nan,0,ELEVATED,40,0,3
PIIND.NS,SELL,nan,downtrend,34.73,-78.47,0.0,,0.0,nan,,,nan,nan,0,ELEVATED,77,1,2
AIIL.NS,SELL,429.85,downtrend,53.54,-4.74,466.08,,557.77,38.22,,,506.3,238.73,2.5,ELEVATED,68,2,1
MEDANTA.NS,SELL,nan,downtrend,27.97,-38.23,0.0,,0.0,nan,,,nan,nan,0,ELEVATED,81,1,2
M&MFIN.NS,SELL,nan,downtrend,31.0,-17.42,0.0,,0.0,nan,,,nan,nan,0,ELEVATED,79,1,2
ANGELONE.NS,SELL,nan,downtrend,60.93,-3.32,0.0,,0.0,nan,,,nan,nan,0,ELEVATED,64,1,2
GAIL.NS,SELL,nan,downtrend,35.46,-6.31,0.0,,0.0,nan,,,nan,nan,0,ELEVATED,77,1,2
GLAND.NS,SELL,nan,downtrend,56.3,-27.58,0.0,,0.0,nan,,,nan,nan,0,ELEVATED,66,1,2
MRF.NS,SELL,nan,downtrend,39.96,-3861.91,0.0,,0.0,nan,,,nan,nan,0,ELEVATED,75,1,2
ULTRACEMCO.NS,SELL,nan,downtrend,45.96,-428.18,0.0,,0.0,nan,,,nan,nan,0,ELEVATED,72,1,2
HINDUNILVR.NS,SELL,nan,downtrend,33.92,-64.67,0.0,,0.0,nan,,,nan,nan,0,ELEVATED,78,0,3
ALKEM.NS,SELL,nan,downtrend,44.76,-69.64,0.0,,0.0,nan,,,nan,nan,0,ELEVATED,72,1,2
DCMSHRIRAM.NS,HOLD,nan,weak_trend,73.3,-1.16,0.0,,0.0,nan,,,nan,nan,0,ELEVATED,40,1,2
IRFC.NS,HOLD,nan,weak_trend,42.37,-4.12,0.0,,0.0,nan,,,nan,nan,0,ELEVATED,40,1,2
TATAPOWER.NS,HOLD,nan,weak_trend,57.44,4.29,0.0,,0.0,nan,,,nan,nan,0,ELEVATED,40,0,3
SBIN.NS,SELL,nan,downtrend,33.11,-27.64,0.0,,0.0,nan,,,nan,nan,0,ELEVATED,78,1,2
PTCIL.NS,SELL,nan,downtrend,29.23,-407.68,0.0,,0.0,nan,,,nan,nan,0,ELEVATED,80,1,2
BPCL.NS,SELL,nan,downtrend,22.61,-22.5,0.0,,0.0,nan,,,nan,nan,0,ELEVATED,83,0,3
HAL.NS,SELL,nan,downtrend,20.84,-124.83,0.0,,0.0,nan,,,nan,nan,0,ELEVATED,84,1,2
SCHAEFFLER.NS,SELL,nan,downtrend,43.42,8.43,0.0,,0.0,nan,,,nan,nan,0,ELEVATED,73,0,3
NETWEB.NS,SELL,nan,downtrend,48.95,-37.59,0.0,,0.0,nan,,,nan,nan,0,ELEVATED,70,0,3
UNIONBANK.NS,SELL,nan,downtrend,47.15,-2.64,0.0,,0.0,nan,,,nan,nan,0,ELEVATED,71,1,2
OIL.NS,HOLD,nan,weak_trend,51.96,1.54,0.0,,0.0,nan,,,nan,nan,0,ELEVATED,40,0,3
KAYNES.NS,SELL,nan,downtrend,47.16,-62.71,0.0,,0.0,nan,,,nan,nan,0,ELEVATED,71,0,3
MANYAVAR.NS,HOLD,nan,weak_trend,46.14,-23.72,0.0,,0.0,nan,,,nan,nan,0,ELEVATED,40,0,3
GRSE.NS,SELL,nan,downtrend,22.86,-79.28,0.0,,0.0,nan,,,nan,nan,0,ELEVATED,83,1,2
JINDALSTEL.NS,SELL,nan,downtrend,48.55,-11.3,0.0,,0.0,nan,,,nan,nan,0,ELEVATED,70,0,3
HUDCO.NS,HOLD,nan,weak_trend,44.67,-5.85,0.0,,0.0,nan,,,nan,nan,0,ELEVATED,40,1,2
HYUNDAI.NS,SELL,nan,downtrend,20.3,-85.55,0.0,,0.0,nan,,,nan,nan,0,ELEVATED,84,1,2
TATACONSUM.NS,SELL,nan,downtrend,36.5,-26.32,0.0,,0.0,nan,,,nan,nan,0,ELEVATED,76,0,3
GESHIP.NS,HOLD,nan,weak_trend,58.17,32.29,0.0,,0.0,nan,,,nan,nan,0,ELEVATED,40,0,3
NSLNISP.NS,SELL,nan,downtrend,35.67,-1.37,0.0,,0.0,nan,,,nan,nan,0,ELEVATED,77,1,2
LODHA.NS,SELL,nan,downtrend,12.81,-74.98,0.0,,0.0,nan,,,nan,nan,0,ELEVATED,88,1,2
PIDILITIND.NS,SELL,nan,downtrend,41.14,-35.83,0.0,,0.0,nan,,,nan,nan,0,ELEVATED,74,1,2
MMTC.NS,SELL,nan,downtrend,51.07,-1.33,0.0,,0.0,nan,,,nan,nan,0,ELEVATED,69,1,2
JSWENERGY.NS,HOLD,nan,weak_trend,52.74,2.11,0.0,,0.0,nan,,,nan,nan,0,ELEVATED,40,0,3
ENGINERSIN.NS,SELL,nan,downtrend,45.91,-2.66,0.0,,0.0,nan,,,nan,nan,0,ELEVATED,72,0,3
ICICIBANK.NS,SELL,nan,downtrend,41.24,-35.63,0.0,,0.0,nan,,,nan,nan,0,ELEVATED,74,1,2
SYNGENE.NS,SELL,nan,downtrend,57.51,-13.4,0.0,,0.0,nan,,,nan,nan,0,ELEVATED,66,2,1
TCS.NS,HOLD,nan,weak_trend,30.88,-107.61,0.0,,0.0,nan,,,nan,nan,0,ELEVATED,40,1,2
SAGILITY.NS,SELL,nan,downtrend,58.37,-1.54,0.0,,0.0,nan,,,nan,nan,0,ELEVATED,65,1,2
IKS.NS,SELL,nan,downtrend,56.33,-54.06,0.0,,0.0,nan,,,nan,nan,0,ELEVATED,66,1,2
ADANIENT.NS,SELL,nan,downtrend,31.08,-76.88,0.0,,0.0,nan,,,nan,nan,0,ELEVATED,79,1,2
NESTLEIND.NS,SELL,nan,downtrend,37.09,-25.7,0.0,,0.0,nan,,,nan,nan,0,ELEVATED,76,1,2
EXIDEIND.NS,HOLD,nan,weak_trend,45.32,-8.6,0.0,,0.0,nan,,,nan,nan,0,ELEVATED,40,1,2
SCI.NS,SELL,nan,downtrend,48.07,-4.33,0.0,,0.0,nan,,,nan,nan,0,ELEVATED,70,0,3
CONCORDBIO.NS,SELL,nan,downtrend,22.55,-44.55,0.0,,0.0,nan,,,nan,nan,0,ELEVATED,83,1,2
SBILIFE.NS,SELL,nan,downtrend,38.79,-45.17,0.0,,0.0,nan,,,nan,nan,0,ELEVATED,75,1,2
AUBANK.NS,SELL,nan,downtrend,41.14,-24.74,0.0,,0.0,nan,,,nan,nan,0,ELEVATED,74,0,3
CEATLTD.NS,SELL,nan,downtrend,54.68,-63.32,0.0,,0.0,nan,,,nan,nan,0,ELEVATED,67,1,2
GRASIM.NS,SELL,nan,downtrend,46.41,-57.73,0.0,,0.0,nan,,,nan,nan,0,ELEVATED,71,1,2
GODREJCP.NS,SELL,nan,downtrend,36.25,-45.07,0.0,,0.0,nan,,,nan,nan,0,ELEVATED,76,1,2
MAZDOCK.NS,SELL,nan,downtrend,35.72,-34.22,0.0,,0.0,nan,,,nan,nan,0,ELEVATED,77,0,3
MGL.NS,SELL,nan,downtrend,23.59,-48.14,0.0,,0.0,nan,,,nan,nan,0,ELEVATED,83,0,3
ATHERENERG.NS,HOLD,nan,weak_trend,80.35,22.01,0.0,,0.0,nan,,,nan,nan,0,ELEVATED,40,1,2
ABBOTINDIA.NS,SELL,nan,downtrend,40.77,-202.81,0.0,,0.0,nan,,,nan,nan,0,ELEVATED,74,1,2
BDL.NS,SELL,nan,downtrend,26.14,-40.08,0.0,,0.0,nan,,,nan,nan,0,ELEVATED,81,1,2
GICRE.NS,SELL,nan,downtrend,47.78,-3.98,0.0,,0.0,nan,,,nan,nan,0,ELEVATED,71,1,2
AIAENG.NS,SELL,nan,downtrend,42.89,-113.45,0.0,,0.0,nan,,,nan,nan,0,ELEVATED,73,1,2
ICICIGI.NS,SELL,nan,downtrend,23.15,-39.64,0.0,,0.0,nan,,,nan,nan,0,ELEVATED,83,1,2
DALBHARAT.NS,SELL,nan,downtrend,51.6,-57.91,0.0,,0.0,nan,,,nan,nan,0,ELEVATED,69,1,2
COFORGE.NS,HOLD,nan,weak_trend,45.86,-68.51,0.0,,0.0,nan,,,nan,nan,0,ELEVATED,40,0,3
VBL.NS,SELL,nan,downtrend,29.14,-16.91,0.0,,0.0,nan,,,nan,nan,0,ELEVATED,80,1,2
NATIONALUM.NS,SELL,nan,downtrend,44.2,1.12,0.0,,0.0,nan,,,nan,nan,0,ELEVATED,72,1,2
ADANIPOWER.NS,HOLD,nan,weak_trend,70.03,2.69,0.0,,0.0,nan,,,nan,nan,0,ELEVATED,40,0,3
CENTRALBK.NS,SELL,nan,downtrend,35.24,-1.2,0.0,,0.0,nan,,,nan,nan,0,ELEVATED,77,0,3
APLAPOLLO.NS,SELL,nan,downtrend,41.44,-45.77,0.0,,0.0,nan,,,nan,nan,0,ELEVATED,74,0,3
ZENSARTECH.NS,HOLD,nan,weak_trend,42.5,-16.06,0.0,,0.0,nan,,,nan,nan,0,ELEVATED,40,0,3
SAPPHIRE.NS,SELL,nan,downtrend,32.52,-12.81,0.0,,0.0,nan,,,nan,nan,0,ELEVATED,78,1,2
BHARTIARTL.NS,HOLD,nan,weak_trend,46.13,-36.01,0.0,,0.0,nan,,,nan,nan,0,ELEVATED,40,1,2
BANKBARODA.NS,SELL,nan,downtrend,31.59,-8.81,0.0,,0.0,nan,,,nan,nan,0,ELEVATED,79,1,2
NCC.NS,SELL,nan,downtrend,46.41,-3.3,0.0,,0.0,nan,,,nan,nan,0,ELEVATED,71,1,2
KPRMILL.NS,SELL,nan,downtrend,52.04,-15.74,0.0,,0.0,nan,,,nan,nan,0,ELEVATED,68,1,2
IOB.NS,SELL,nan,downtrend,45.84,-0.76,0.0,,0.0,nan,,,nan,nan,0,ELEVATED,72,0,3
DMART.NS,HOLD,nan,weak_trend,45.6,-7.67,0.0,,0.0,nan,,,nan,nan,0,ELEVATED,40,1,2
KEC.NS,SELL,nan,downtrend,52.26,-16.97,0.0,,0.0,nan,,,nan,nan,0,ELEVATED,68,1,2
KIRLOSBROS.NS,SELL,nan,downtrend,31.68,-25.7,0.0,,0.0,nan,,,nan,nan,0,ELEVATED,79,0,3
IDBI.NS,SELL,nan,downtrend,15.47,-11.22,0.0,,0.0,nan,,,nan,nan,0,ELEVATED,87,0,3
CDSL.NS,HOLD,nan,weak_trend,44.96,-36.89,0.0,,0.0,nan,,,nan,nan,0,ELEVATED,40,1,2
ADANIPORTS.NS,SELL,nan,downtrend,37.96,-39.44,0.0,,0.0,nan,,,nan,nan,0,ELEVATED,76,0,3
PNBHOUSING.NS,SELL,nan,downtrend,58.19,-14.4,0.0,,0.0,nan,,,nan,nan,0,ELEVATED,65,2,1
NIACL.NS,SELL,nan,downtrend,33.03,-5.88,0.0,,0.0,nan,,,nan,nan,0,ELEVATED,78,1,2
GLAXO.NS,SELL,nan,downtrend,22.18,-60.07,0.0,,0.0,nan,,,nan,nan,0,ELEVATED,83,1,2
SHREECEM.NS,SELL,nan,downtrend,50.97,-706.45,0.0,,0.0,nan,,,nan,nan,0,ELEVATED,69,2,1
KEI.NS,SELL,nan,downtrend,28.65,-128.18,0.0,,0.0,nan,,,nan,nan,0,ELEVATED,80,1,2
MANKIND.NS,SELL,nan,downtrend,39.23,-37.17,0.0,,0.0,nan,,,nan,nan,0,ELEVATED,75,0,3
IGIL.NS,SELL,317.95,downtrend,42.95,-0.16,326.41,,341.84,16.04,,,350.03,237.75,2.5,NORMAL,73,0,3
TITAN.NS,SELL,nan,downtrend,40.69,-57.55,0.0,,0.0,nan,,,nan,nan,0,ELEVATED,74,1,2
MARUTI.NS,SELL,nan,downtrend,33.86,-654.73,0.0,,0.0,nan,,,nan,nan,0,ELEVATED,78,0,3
HDFCLIFE.NS,SELL,nan,downtrend,32.59,-27.38,0.0,,0.0,nan,,,nan,nan,0,ELEVATED,78,1,2
INDIAMART.NS,SELL,nan,downtrend,23.17,-53.07,0.0,,0.0,nan,,,nan,nan,0,ELEVATED,83,0,3
ONGC.NS,SELL,nan,downtrend,63.16,1.63,0.0,,0.0,nan,,,nan,nan,0,ELEVATED,63,2,1
JUBLFOOD.NS,SELL,nan,downtrend,36.45,-17.56,0.0,,0.0,nan,,,nan,nan,0,ELEVATED,76,1,2
RKFORGE.NS,SELL,nan,downtrend,31.56,-15.23,0.0,,0.0,nan,,,nan,nan,0,ELEVATED,79,1,2
INDIACEM.NS,HOLD,nan,weak_trend,42.34,-18.31,0.0,,0.0,nan,,,nan,nan,0,ELEVATED,40,0,3
INDGN.NS,HOLD,nan,weak_trend,49.98,-9.5,0.0,,0.0,nan,,,nan,nan,0,ELEVATED,40,1,2
AADHARHFC.NS,SELL,nan,downtrend,39.77,-2.59,0.0,,0.0,nan,,,nan,nan,0,ELEVATED,75,0,3
RELIANCE.NS,HOLD,nan,weak_trend,31.44,-8.29,0.0,,0.0,nan,,,nan,nan,0,ELEVATED,40,0,3
ABCAPITAL.NS,SELL,nan,downtrend,41.56,-9.59,0.0,,0.0,nan,,,nan,nan,0,ELEVATED,74,0,3
BHARATFORG.NS,SELL,nan,downtrend,38.0,-0.93,0.0,,0.0,nan,,,nan,nan,0,ELEVATED,76,1,2
UCOBANK.NS,SELL,nan,downtrend,33.63,-1.21,0.0,,0.0,nan,,,nan,nan,0,ELEVATED,78,1,2
NHPC.NS,SELL,nan,downtrend,67.66,0.26,0.0,,0.0,nan,,,nan,nan,0,ELEVATED,61,1,2
TATACHEM.NS,SELL,nan,downtrend,13.49,-26.76,0.0,,0.0,nan,,,nan,nan,0,ELEVATED,88,1,2
NTPC.NS,SELL,nan,downtrend,49.47,2.66,0.0,,0.0,nan,,,nan,nan,0,ELEVATED,70,1,2
AMBUJACEM.NS,SELL,nan,downtrend,35.57,-26.82,0.0,,0.0,nan,,,nan,nan,0,ELEVATED,77,1,2
YESBANK.NS,SELL,nan,downtrend,34.29,-0.75,0.0,,0.0,nan,,,nan,nan,0,ELEVATED,77,1,2
IOC.NS,SELL,nan,downtrend,21.48,-8.24,0.0,,0.0,nan,,,nan,nan,0,ELEVATED,84,0,3
DRREDDY.NS,SELL,nan,downtrend,48.99,1.57,0.0,,0.0,nan,,,nan,nan,0,ELEVATED,70,0,3
WIPRO.NS,HOLD,nan,weak_trend,39.4,-7.28,0.0,,0.0,nan,,,nan,nan,0,ELEVATED,40,1,2
IRCON.NS,SELL,nan,downtrend,30.48,-7.64,0.0,,0.0,nan,,,nan,nan,0,ELEVATED,79,0,3
RVNL.NS,HOLD,nan,weak_trend,43.26,-13.06,0.0,,0.0,nan,,,nan,nan,0,ELEVATED,40,1,2
RAILTEL.NS,SELL,nan,downtrend,39.5,-15.04,0.0,,0.0,nan,,,nan,nan,0,ELEVATED,75,1,2
BEML.NS,SELL,nan,downtrend,37.52,-66.47,0.0,,0.0,nan,,,nan,nan,0,ELEVATED,76,1,2
ACC.NS,SELL,nan,downtrend,32.11,-75.08,0.0,,0.0,nan,,,nan,nan,0,ELEVATED,78,1,2
ATGL.NS,SELL,nan,downtrend,59.21,0.7,0.0,,0.0,nan,,,nan,nan,0,ELEVATED,65,1,2
THELEELA.NS,SELL,409.6,downtrend,38.09,-7.83,421.76,,424.26,18.03,,,445.66,319.44,2.5,NORMAL,75,0,3
NUVOCO.NS,SELL,nan,downtrend,58.63,-10.09,0.0,,0.0,nan,,,nan,nan,0,ELEVATED,65,1,2
MARICO.NS,SELL,nan,downtrend,36.75,-8.02,0.0,,0.0,nan,,,nan,nan,0,ELEVATED,76,1,2
PNB.NS,SELL,nan,downtrend,35.3,-4.47,0.0,,0.0,nan,,,nan,nan,0,ELEVATED,77,1,2
HINDPETRO.NS,SELL,nan,downtrend,33.01,-27.03,0.0,,0.0,nan,,,nan,nan,0,ELEVATED,78,0,3
BAJAJFINSV.NS,SELL,nan,downtrend,33.63,-73.92,0.0,,0.0,nan,,,nan,nan,0,ELEVATED,78,1,2
DABUR.NS,SELL,nan,downtrend,29.43,-21.93,0.0,,0.0,nan,,,nan,nan,0,ELEVATED,80,1,2
FLUOROCHEM.NS,SELL,nan,downtrend,37.37,-53.42,0.0,,0.0,nan,,,nan,nan,0,ELEVATED,76,0,3
JIOFIN.NS,SELL,224.1,downtrend,44.79,-7.19,238.21,,294.93,8.45,,,241.0,181.85,2.5,LOW,72,1,2
LICI.NS,SELL,nan,downtrend,40.14,-22.77,0.0,,0.0,nan,,,nan,nan,0,ELEVATED,74,1,2
SHYAMMETL.NS,HOLD,nan,weak_trend,49.86,-15.77,0.0,,0.0,nan,,,nan,nan,0,ELEVATED,40,1,2
ECLERX.NS,HOLD,nan,weak_trend,45.92,-106.91,0.0,,0.0,nan,,,nan,nan,0,ELEVATED,40,0,3
POWERGRID.NS,HOLD,nan,weak_trend,50.47,2.16,0.0,,0.0,nan,,,nan,nan,0,ELEVATED,40,0,3
JSL.NS,HOLD,nan,weak_trend,50.55,-16.41,0.0,,0.0,nan,,,nan,nan,0,ELEVATED,40,1,2
SUNPHARMA.NS,SELL,nan,downtrend,46.9,13.2,0.0,,0.0,nan,,,nan,nan,0,ELEVATED,71,1,2
GLENMARK.NS,HOLD,nan,weak_trend,53.91,24.24,0.0,,0.0,nan,,,nan,nan,0,ELEVATED,40,1,2
HCLTECH.NS,SELL,nan,downtrend,51.24,-32.44,0.0,,0.0,nan,,,nan,nan,0,ELEVATED,69,2,1
KOTAKBANK.NS,SELL,nan,downtrend,36.95,-13.5,0.0,,0.0,nan,,,nan,nan,0,ELEVATED,76,1,2
UPL.NS,HOLD,nan,weak_trend,41.15,-21.84,0.0,,0.0,nan,,,nan,nan,0,ELEVATED,40,1,2
PAGEIND.NS,SELL,nan,downtrend,54.45,-282.8,0.0,,0.0,nan,,,nan,nan,0,ELEVATED,67,2,1
ETERNAL.NS,HOLD,228.98,weak_trend,49.68,-7.68,232.45,,290.75,9.69,,,214.45,248.36,1.33,LOW,40,0,3
BANKINDIA.NS,SELL,nan,downtrend,42.59,-4.78,0.0,,0.0,nan,,,nan,nan,0,ELEVATED,73,1,2
CLEAN.NS,SELL,nan,downtrend,34.82,-22.49,0.0,,0.0,nan,,,nan,nan,0,ELEVATED,77,1,2
SRF.NS,HOLD,nan,weak_trend,47.17,-65.09,0.0,,0.0,nan,,,nan,nan,0,ELEVATED,40,1,2
CHOLAHLDNG.NS,SELL,nan,downtrend,35.6,-78.52,0.0,,0.0,nan,,,nan,nan,0,ELEVATED,77,0,3
ITC.NS,SELL,nan,downtrend,37.56,-7.13,0.0,,0.0,nan,,,nan,nan,0,ELEVATED,76,0,3
AKZOINDIA.NS,SELL,nan,downtrend,67.11,-20.1,0.0,,0.0,nan,,,nan,nan,0,ELEVATED,61,1,2
AXISBANK.NS,SELL,nan,downtrend,38.15,-36.87,0.0,,0.0,nan,,,nan,nan,0,ELEVATED,75,1,2
ZYDUSLIFE.NS,SELL,nan,downtrend,46.64,-4.84,0.0,,0.0,nan,,,nan,nan,0,ELEVATED,71,1,2
KPIL.NS,SELL,1057.6,downtrend,45.43,-20.65,1103.32,,1191.23,50.38,,,1158.36,805.71,2.5,ELEVATED,72,0,3
SUZLON.NS,SELL,nan,downtrend,54.65,-1.02,0.0,,0.0,nan,,,nan,nan,0,ELEVATED,67,2,1
LUPIN.NS,HOLD,nan,weak_trend,54.6,22.69,0.0,,0.0,nan,,,nan,nan,0,ELEVATED,40,1,2
VOLTAS.NS,SELL,nan,downtrend,37.38,-40.3,0.0,,0.0,nan,,,nan,nan,0,ELEVATED,76,1,2
JINDALSAW.NS,HOLD,nan,weak_trend,62.32,1.78,0.0,,0.0,nan,,,nan,nan,0,ELEVATED,40,0,3
M&M.NS,HOLD,nan,weak_trend,44.42,-109.07,0.0,,0.0,nan,,,nan,nan,0,ELEVATED,40,1,2
GMRAIRPORT.NS,SELL,nan,downtrend,45.13,-2.46,0.0,,0.0,nan,,,nan,nan,0,ELEVATED,72,1,2
TECHM.NS,SELL,nan,downtrend,60.37,-24.37,0.0,,0.0,nan,,,nan,nan,0,ELEVATED,64,2,1
DEEPAKFERT.NS,SELL,nan,downtrend,52.13,-26.41,0.0,,0.0,nan,,,nan,nan,0,ELEVATED,68,1,2
MINDACORP.NS,SELL,nan,downtrend,60.57,-10.82,0.0,,0.0,nan,,,nan,nan,0,ELEVATED,64,1,2
AKUMS.NS,SELL,466.1,downtrend,46.39,1.56,479.18,,476.73,19.82,,,505.74,366.99,2.5,NORMAL,71,0,3
CRISIL.NS,SELL,nan,downtrend,25.85,-154.37,0.0,,0.0,nan,,,nan,nan,0,ELEVATED,82,1,2
CANFINHOME.NS,SELL,nan,downtrend,52.12,-15.35,0.0,,0.0,nan,,,nan,nan,0,ELEVATED,68,1,2
TIMKEN.NS,HOLD,nan,weak_trend,51.86,6.26,0.0,,0.0,nan,,,nan,nan,0,ELEVATED,40,0,3
APOLLOHOSP.NS,SELL,nan,downtrend,41.75,-14.51,0.0,,0.0,nan,,,nan,nan,0,ELEVATED,74,1,2
SUPREMEIND.NS,SELL,nan,downtrend,46.72,-7.72,0.0,,0.0,nan,,,nan,nan,0,ELEVATED,71,1,2
PGEL.NS,SELL,nan,downtrend,42.21,-24.73,0.0,,0.0,nan,,,nan,nan,0,ELEVATED,73,0,3
KARURVYSYA.NS,HOLD,nan,weak_trend,51.75,-7.97,0.0,,0.0,nan,,,nan,nan,0,ELEVATED,40,0,3
APOLLOTYRE.NS,HOLD,nan,weak_trend,42.37,-15.87,0.0,,0.0,nan,,,nan,nan,0,ELEVATED,40,0,3
TATAINVEST.NS,SELL,nan,downtrend,28.13,-18.54,0.0,,0.0,nan,,,nan,nan,0,ELEVATED,80,1,2
IDEA.NS,SELL,nan,downtrend,34.64,-0.5,0.0,,0.0,nan,,,nan,nan,0,ELEVATED,77,0,3
INDIGO.NS,SELL,nan,downtrend,45.51,-168.97,0.0,,0.0,nan,,,nan,nan,0,ELEVATED,72,0,3
RITES.NS,SELL,nan,downtrend,33.82,-7.83,0.0,,0.0,nan,,,nan,nan,0,ELEVATED,78,1,2
CONCOR.NS,SELL,nan,downtrend,33.29,-15.98,0.0,,0.0,nan,,,nan,nan,0,ELEVATED,78,1,2
RBLBANK.NS,SELL,nan,downtrend,48.6,-4.16,0.0,,0.0,nan,,,nan,nan,0,ELEVATED,70,0,3
OFSS.NS,SELL,nan,downtrend,55.82,-105.39,0.0,,0.0,nan,,,nan,nan,0,ELEVATED,67,2,1
INTELLECT.NS,HOLD,nan,weak_trend,36.85,-28.55,0.0,,0.0,nan,,,nan,nan,0,ELEVATED,40,0,3
HEXT.NS,HOLD,425.0,weak_trend,39.69,-31.27,439.0,,704.35,22.62,,,391.07,470.24,1.33,ELEVATED,40,0,3
HSCL.NS,SELL,nan,downtrend,51.74,-4.28,0.0,,0.0,nan,,,nan,nan,0,ELEVATED,69,2,1
OLAELEC.NS,SELL,nan,downtrend,54.84,-1.27,0.0,,0.0,nan,,,nan,nan,0,ELEVATED,67,1,2
BIKAJI.NS,SELL,nan,downtrend,54.1,-7.44,0.0,,0.0,nan,,,nan,nan,0,ELEVATED,67,2,1
KAJARIACER.NS,SELL,nan,downtrend,52.21,-6.57,0.0,,0.0,nan,,,nan,nan,0,ELEVATED,68,1,2
SUNTV.NS,SELL,nan,downtrend,52.86,4.97,0.0,,0.0,nan,,,nan,nan,0,ELEVATED,68,1,2
BAJAJHFL.NS,SELL,nan,downtrend,26.92,-2.7,0.0,,0.0,nan,,,nan,nan,0,ELEVATED,81,1,2
AAVAS.NS,HOLD,nan,weak_trend,35.01,-56.21,0.0,,0.0,nan,,,nan,nan,0,ELEVATED,40,1,2
LT.NS,SELL,nan,downtrend,39.29,-153.78,0.0,,0.0,nan,,,nan,nan,0,ELEVATED,75,0,3
TVSMOTOR.NS,SELL,nan,downtrend,42.82,-81.41,0.0,,0.0,nan,,,nan,nan,0,ELEVATED,73,0,3
CCL.NS,SELL,nan,downtrend,56.05,17.5,0.0,,0.0,nan,,,nan,nan,0,ELEVATED,66,1,2
ABFRL.NS,SELL,nan,downtrend,40.55,-2.82,0.0,,0.0,nan,,,nan,nan,0,ELEVATED,74,1,2
COCHINSHIP.NS,SELL,nan,downtrend,29.76,-55.4,0.0,,0.0,nan,,,nan,nan,0,ELEVATED,80,1,2
FIVESTAR.NS,HOLD,nan,weak_trend,47.33,-19.87,0.0,,0.0,nan,,,nan,nan,0,ELEVATED,40,0,3
VGUARD.NS,SELL,nan,downtrend,57.3,0.42,0.0,,0.0,nan,,,nan,nan,0,ELEVATED,66,1,2
CIPLA.NS,SELL,nan,downtrend,27.54,-30.7,0.0,,0.0,nan,,,nan,nan,0,ELEVATED,81,1,2
BANDHANBNK.NS,SELL,nan,downtrend,29.22,-4.68,0.0,,0.0,nan,,,nan,nan,0,ELEVATED,80,0,3
VENTIVE.NS,SELL,nan,downtrend,17.73,-28.9,0.0,,0.0,nan,,,nan,nan,0,ELEVATED,86,1,2
EIHOTEL.NS,SELL,nan,downtrend,34.68,-8.65,0.0,,0.0,nan,,,nan,nan,0,ELEVATED,77,0,3
MAXHEALTH.NS,SELL,nan,downtrend,30.92,-22.12,0.0,,0.0,nan,,,nan,nan,0,ELEVATED,79,1,2
TATATECH.NS,HOLD,509.2,weak_trend,35.2,-20.39,548.96,,665.36,20.79,,,478.02,550.78,1.33,ELEVATED,40,1,2
GODREJAGRO.NS,SELL,nan,downtrend,31.01,-11.23,0.0,,0.0,nan,,,nan,nan,0,ELEVATED,79,0,3
RCF.NS,HOLD,nan,weak_trend,51.92,-4.06,0.0,,0.0,nan,,,nan,nan,0,ELEVATED,40,0,3
J&KBANK.NS,HOLD,nan,weak_trend,52.09,1.5,0.0,,0.0,nan,,,nan,nan,0,ELEVATED,40,0,3
UNITDSPR.NS,SELL,1218.8,downtrend,33.35,-30.14,1325.91,,1365.62,44.48,,,1307.76,996.41,2.5,ELEVATED,78,0,3
APTUS.NS,SELL,nan,downtrend,30.15,-12.7,0.0,,0.0,nan,,,nan,nan,0,ELEVATED,79,1,2
ADANIGREEN.NS,SELL,nan,downtrend,44.89,-25.18,0.0,,0.0,nan,,,nan,nan,0,ELEVATED,72,0,3
PATANJALI.NS,SELL,nan,downtrend,42.23,-11.31,0.0,,0.0,nan,,,nan,nan,0,ELEVATED,73,1,2
TECHNOE.NS,SELL,nan,downtrend,43.16,-10.15,0.0,,0.0,nan,,,nan,nan,0,ELEVATED,73,1,2
CANBK.NS,SELL,nan,downtrend,39.01,-4.59,0.0,,0.0,nan,,,nan,nan,0,ELEVATED,75,1,2
TATAELXSI.NS,HOLD,nan,weak_trend,42.99,-186.54,0.0,,0.0,nan,,,nan,nan,0,ELEVATED,40,0,3
LATENTVIEW.NS,HOLD,nan,weak_trend,30.21,-29.56,0.0,,0.0,nan,,,nan,nan,0,ELEVATED,40,0,3
APLLTD.NS,HOLD,nan,weak_trend,41.85,-22.92,0.0,,0.0,nan,,,nan,nan,0,ELEVATED,40,0,3
BEL.NS,SELL,nan,downtrend,25.8,-6.97,0.0,,0.0,nan,,,nan,nan,0,ELEVATED,82,0,3
TITAGARH.NS,HOLD,nan,weak_trend,34.91,-34.96,0.0,,0.0,nan,,,nan,nan,0,ELEVATED,40,1,2
JYOTHYLAB.NS,SELL,nan,downtrend,25.07,-11.47,0.0,,0.0,nan,,,nan,nan,0,ELEVATED,82,0,3
IRCTC.NS,HOLD,nan,weak_trend,36.11,-23.29,0.0,,0.0,nan,,,nan,nan,0,ELEVATED,40,0,3
HDFCBANK.NS,SELL,nan,downtrend,32.02,-37.74,0.0,,0.0,nan,,,nan,nan,0,ELEVATED,78,1,2
SUMICHEM.NS,HOLD,nan,weak_trend,44.86,-8.33,0.0,,0.0,nan,,,nan,nan,0,ELEVATED,40,0,3
JKTYRE.NS,SELL,nan,downtrend,41.66,-30.01,0.0,,0.0,nan,,,nan,nan,0,ELEVATED,74,0,3
ICICIPRULI.NS,SELL,nan,downtrend,16.89,-28.29,0.0,,0.0,nan,,,nan,nan,0,ELEVATED,86,1,2
ABSLAMC.NS,HOLD,nan,weak_trend,53.49,12.28,0.0,,0.0,nan,,,nan,nan,0,ELEVATED,40,0,3
NUVAMA.NS,HOLD,1161.1,weak_trend,42.84,-33.96,1186.21,,1352.41,39.71,,,1101.54,1240.51,1.33,ELEVATED,40,1,2
FACT.NS,SELL,nan,downtrend,64.92,2.85,0.0,,0.0,nan,,,nan,nan,0,ELEVATED,62,1,2
INDUSTOWER.NS,SELL,nan,downtrend,44.64,-6.69,0.0,,0.0,nan,,,nan,nan,0,ELEVATED,72,1,2
PETRONET.NS,SELL,nan,downtrend,35.25,-12.9,0.0,,0.0,nan,,,nan,nan,0,ELEVATED,77,0,3
LTFOODS.NS,SELL,363.3,downtrend,41.97,-6.85,384.08,,420.46,15.46,,,394.21,286.01,2.5,NORMAL,74,0,3
TATACOMM.NS,HOLD,nan,weak_trend,40.07,-51.53,0.0,,0.0,nan,,,nan,nan,0,ELEVATED,40,0,3
ASHOKLEY.NS,SELL,nan,downtrend,33.35,-9.07,0.0,,0.0,nan,,,nan,nan,0,ELEVATED,78,1,2
MOTHERSON.NS,SELL,nan,downtrend,39.96,-3.87,0.0,,0.0,nan,,,nan,nan,0,ELEVATED,75,1,2
NTPCGREEN.NS,SELL,nan,downtrend,65.84,2.0,0.0,,0.0,nan,,,nan,nan,0,ELEVATED,62,1,2
CARBORUNIV.NS,HOLD,nan,weak_trend,40.51,-14.14,0.0,,0.0,nan,,,nan,nan,0,ELEVATED,40,1,2
SWIGGY.NS,SELL,nan,downtrend,28.66,-12.35,0.0,,0.0,nan,,,nan,nan,0,ELEVATED,80,1,2
SUNDRMFAST.NS,SELL,nan,downtrend,23.99,-30.64,0.0,,0.0,nan,,,nan,nan,0,ELEVATED,83,0,3
NYKAA.NS,SELL,nan,downtrend,41.43,-5.6,0.0,,0.0,nan,,,nan,nan,0,ELEVATED,74,1,2
NAUKRI.NS,SELL,nan,downtrend,54.31,-34.74,0.0,,0.0,nan,,,nan,nan,0,ELEVATED,67,2,1
AEGISLOG.NS,HOLD,598.65,weak_trend,36.31,-22.65,627.76,,733.12,32.18,,,550.38,663.01,1.33,ELEVATED,40,0,3
LTIM.NS,HOLD,4200.7,weak_trend,45.74,-227.19,4287.72,,5411.82,155.39,,,3967.61,4511.49,1.33,ELEVATED,40,1,2
BLUESTARCO.NS,SELL,nan,downtrend,34.25,-57.52,0.0,,0.0,nan,,,nan,nan,0,ELEVATED,77,1,2
SUNDARMFIN.NS,SELL,nan,downtrend,21.21,-181.16,0.0,,0.0,nan,,,nan,nan,0,ELEVATED,84,1,2
VIJAYA.NS,SELL,nan,downtrend,24.7,-26.53,0.0,,0.0,nan,,,nan,nan,0,ELEVATED,82,1,2
BBTC.NS,SELL,nan,downtrend,27.43,-82.67,0.0,,0.0,nan,,,nan,nan,0,ELEVATED,81,1,2
360ONE.NS,SELL,nan,downtrend,37.26,-31.03,0.0,,0.0,nan,,,nan,nan,0,ELEVATED,76,1,2
PPLPHARMA.NS,SELL,nan,downtrend,42.24,-5.61,0.0,,0.0,nan,,,nan,nan,0,ELEVATED,73,1,2
INOXWIND.NS,HOLD,nan,weak_trend,46.4,-5.39,0.0,,0.0,nan,,,nan,nan,0,ELEVATED,40,0,3
MPHASIS.NS,HOLD,nan,weak_trend,41.66,-94.58,0.0,,0.0,nan,,,nan,nan,0,ELEVATED,40,1,2
PHOENIXLTD.NS,SELL,nan,downtrend,42.0,-49.23,0.0,,0.0,nan,,,nan,nan,0,ELEVATED,74,1,2
ANANDRATHI.NS,SELL,nan,downtrend,36.32,-15.32,0.0,,0.0,nan,,,nan,nan,0,ELEVATED,76,0,3
KSB.NS,SELL,nan,downtrend,62.66,17.89,0.0,,0.0,nan,,,nan,nan,0,ELEVATED,63,1,2
EIDPARRY.NS,SELL,nan,downtrend,50.07,-25.61,0.0,,0.0,nan,,,nan,nan,0,ELEVATED,69,1,2
BLUEDART.NS,SELL,nan,downtrend,31.4,-167.04,0.0,,0.0,nan,,,nan,nan,0,ELEVATED,79,1,2
FINPIPE.NS,SELL,nan,downtrend,23.9,-5.13,0.0,,0.0,nan,,,nan,nan,0,ELEVATED,83,1,2
ITI.NS,SELL,nan,downtrend,50.48,-5.39,0.0,,0.0,nan,,,nan,nan,0,ELEVATED,69,1,2
AJANTPHARM.NS,SELL,nan,downtrend,42.58,-13.0,0.0,,0.0,nan,,,nan,nan,0,ELEVATED,73,0,3
RAINBOW.NS,HOLD,nan,weak_trend,45.94,-15.99,0.0,,0.0,nan,,,nan,nan,0,ELEVATED,40,1,2
CHOLAFIN.NS,SELL,nan,downtrend,31.89,-69.36,0.0,,0.0,nan,,,nan,nan,0,ELEVATED,79,1,2
HEG.NS,SELL,nan,downtrend,64.87,-9.02,0.0,,0.0,nan,,,nan,nan,0,ELEVATED,62,2,1
INDHOTEL.NS,SELL,nan,downtrend,44.4,-18.32,0.0,,0.0,nan,,,nan,nan,0,ELEVATED,72,1,2
TRITURBINE.NS,SELL,nan,downtrend,41.31,-10.42,0.0,,0.0,nan,,,nan,nan,0,ELEVATED,74,1,2
WOCKPHARMA.NS,SELL,nan,downtrend,41.02,-52.72,0.0,,0.0,nan,,,nan,nan,0,ELEVATED,74,1,2
ADANIENSOL.NS,HOLD,934.9,weak_trend,42.75,-7.78,987.65,,921.68,41.96,,,871.96,1018.81,1.33,ELEVATED,40,0,3
INDIANB.NS,SELL,nan,downtrend,45.67,-11.44,0.0,,0.0,nan,,,nan,nan,0,ELEVATED,72,1,2
RPOWER.NS,HOLD,nan,weak_trend,45.85,-1.33,0.0,,0.0,nan,,,nan,nan,0,ELEVATED,40,1,2
TORNTPHARM.NS,SELL,nan,downtrend,41.23,19.86,0.0,,0.0,nan,,,nan,nan,0,ELEVATED,74,1,2
VMM.NS,HOLD,nan,weak_trend,47.14,-4.08,0.0,,0.0,nan,,,nan,nan,0,ELEVATED,40,0,3
SONACOMS.NS,SELL,nan,downtrend,46.33,-4.69,0.0,,0.0,nan,,,nan,nan,0,ELEVATED,71,1,2
ALKYLAMINE.NS,HOLD,nan,weak_trend,48.9,-46.8,0.0,,0.0,nan,,,nan,nan,0,ELEVATED,40,0,3
DATAPATTNS.NS,SELL,nan,downtrend,34.29,63.36,0.0,,0.0,nan,,,nan,nan,0,ELEVATED,77,0,3
CROMPTON.NS,SELL,nan,downtrend,40.87,-4.38,0.0,,0.0,nan,,,nan,nan,0,ELEVATED,74,1,2
ASTRAL.NS,HOLD,nan,weak_trend,51.18,7.15,0.0,,0.0,nan,,,nan,nan,0,ELEVATED,40,0,3
SHRIRAMFIN.NS,SELL,nan,downtrend,40.75,-31.01,0.0,,0.0,nan,,,nan,nan,0,ELEVATED,74,0,3
DIXON.NS,SELL,nan,downtrend,52.34,-203.2,0.0,,0.0,nan,,,nan,nan,0,ELEVATED,68,1,2
SCHNEIDER.NS,SELL,nan,downtrend,43.56,16.95,0.0,,0.0,nan,,,nan,nan,0,ELEVATED,73,0,3
BRITANNIA.NS,SELL,nan,downtrend,31.53,-115.6,0.0,,0.0,nan,,,nan,nan,0,ELEVATED,79,1,2
MFSL.NS,SELL,nan,downtrend,28.03,-47.14,0.0,,0.0,nan,,,nan,nan,0,ELEVATED,80,1,2
ABB.NS,HOLD,nan,weak_trend,54.15,105.2,0.0,,0.0,nan,,,nan,nan,0,ELEVATED,40,0,3
IIFL.NS,SELL,nan,downtrend,41.15,-15.97,0.0,,0.0,nan,,,nan,nan,0,ELEVATED,74,1,2
ESCORTS.NS,SELL,nan,downtrend,36.72,-162.25,0.0,,0.0,nan,,,nan,nan,0,ELEVATED,76,0,3
SONATSOFTW.NS,SELL,nan,downtrend,29.56,-16.47,0.0,,0.0,nan,,,nan,nan,0,ELEVATED,80,1,2
GILLETTE.NS,SELL,nan,downtrend,21.59,-169.83,0.0,,0.0,nan,,,nan,nan,0,ELEVATED,84,1,2
PFIZER.NS,SELL,nan,downtrend,46.05,-58.89,0.0,,0.0,nan,,,nan,nan,0,ELEVATED,71,0,3
CASTROLIND.NS,SELL,nan,downtrend,36.34,-1.18,0.0,,0.0,nan,,,nan,nan,0,ELEVATED,76,0,3
CESC.NS,HOLD,nan,weak_trend,51.85,-0.91,0.0,,0.0,nan,,,nan,nan,0,ELEVATED,40,0,3
AARTIIND.NS,HOLD,nan,weak_trend,52.35,-1.77,0.0,,0.0,nan,,,nan,nan,0,ELEVATED,40,0,3
SOBHA.NS,SELL,nan,downtrend,41.87,-58.84,0.0,,0.0,nan,,,nan,nan,0,ELEVATED,74,0,3
ERIS.NS,SELL,nan,downtrend,52.69,-22.43,0.0,,0.0,nan,,,nan,nan,0,ELEVATED,68,2,1
POLYCAB.NS,SELL,nan,downtrend,25.88,-215.46,0.0,,0.0,nan,,,nan,nan,0,ELEVATED,82,0,3
CYIENT.NS,SELL,nan,downtrend,36.34,-54.16,0.0,,0.0,nan,,,nan,nan,0,ELEVATED,76,0,3
INOXINDIA.NS,SELL,nan,downtrend,56.59,14.68,0.0,,0.0,nan,,,nan,nan,0,ELEVATED,66,2,1
RAMCOCEM.NS,SELL,nan,downtrend,28.82,-53.57,0.0,,0.0,nan,,,nan,nan,0,ELEVATED,80,1,2
IRB.NS,HOLD,nan,weak_trend,53.7,-0.07,0.0,,0.0,nan,,,nan,nan,0,ELEVATED,40,1,2
CAPLIPOINT.NS,SELL,nan,downtrend,27.38,-42.03,0.0,,0.0,nan,,,nan,nan,0,ELEVATED,81,1,2
LTF.NS,SELL,nan,downtrend,41.76,-8.87,0.0,,0.0,nan,,,nan,nan,0,ELEVATED,74,0,3
HONASA.NS,SELL,nan,downtrend,56.55,-0.61,0.0,,0.0,nan,,,nan,nan,0,ELEVATED,66,1,2
EICHERMOT.NS,SELL,nan,downtrend,40.62,-209.33,0.0,,0.0,nan,,,nan,nan,0,ELEVATED,74,1,2
HEROMOTOCO.NS,SELL,nan,downtrend,41.11,-102.53,0.0,,0.0,nan,,,nan,nan,0,ELEVATED,74,1,2
FEDERALBNK.NS,SELL,nan,downtrend,47.05,-5.14,0.0,,0.0,nan,,,nan,nan,0,ELEVATED,71,0,3
KIMS.NS,SELL,nan,downtrend,33.2,-10.65,0.0,,0.0,nan,,,nan,nan,0,ELEVATED,78,0,3
DOMS.NS,SELL,nan,downtrend,61.42,-16.98,0.0,,0.0,nan,,,nan,nan,0,ELEVATED,64,1,2
BAJAJ-AUTO.NS,SELL,nan,downtrend,40.86,-203.65,0.0,,0.0,nan,,,nan,nan,0,ELEVATED,74,0,3
TTML.NS,SELL,nan,downtrend,30.92,-2.22,0.0,,0.0,nan,,,nan,nan,0,ELEVATED,79,1,2
LTTS.NS,SELL,nan,downtrend,54.28,-101.74,0.0,,0.0,nan,,,nan,nan,0,ELEVATED,67,1,2
AGARWALEYE.NS,SELL,nan,downtrend,17.82,-10.28,0.0,,0.0,nan,,,nan,nan,0,ELEVATED,86,1,2
BOSCHLTD.NS,SELL,nan,downtrend,36.95,-1456.85,0.0,,0.0,nan,,,nan,nan,0,ELEVATED,76,1,2
BERGEPAINT.NS,HOLD,nan,weak_trend,40.45,-13.51,0.0,,0.0,nan,,,nan,nan,0,ELEVATED,40,0,3
PGHH.NS,SELL,nan,downtrend,19.07,-564.85,0.0,,0.0,nan,,,nan,nan,0,ELEVATED,85,1,2
SBICARD.NS,SELL,nan,downtrend,38.0,-23.78,0.0,,0.0,nan,,,nan,nan,0,ELEVATED,76,1,2
LLOYDSME.NS,SELL,nan,downtrend,61.63,17.37,0.0,,0.0,nan,,,nan,nan,0,ELEVATED,64,1,2
CAMPUS.NS,SELL,nan,downtrend,34.68,-9.24,0.0,,0.0,nan,,,nan,nan,0,ELEVATED,77,0,3
KPITTECH.NS,HOLD,nan,weak_trend,42.11,-57.95,0.0,,0.0,nan,,,nan,nan,0,ELEVATED,40,0,3
KFINTECH.NS,SELL,nan,downtrend,50.59,-20.37,0.0,,0.0,nan,,,nan,nan,0,ELEVATED,69,2,1
BAYERCROP.NS,HOLD,nan,weak_trend,52.25,-20.92,0.0,,0.0,nan,,,nan,nan,0,ELEVATED,40,1,2
ENRIN.NS,HOLD,2565.5,weak_trend,31.28,-28.92,2818.57,,0.0,107.78,,,2403.83,2781.06,1.33,ELEVATED,40,0,3
POLICYBZR.NS,SELL,nan,downtrend,54.61,-18.35,0.0,,0.0,nan,,,nan,nan,0,ELEVATED,67,1,2
BAJFINANCE.NS,SELL,nan,downtrend,34.66,-35.27,0.0,,0.0,nan,,,nan,nan,0,ELEVATED,77,1,2
TMPV.NS,HOLD,296.2,weak_trend,34.89,-15.96,328.86,,0.0,11.74,,,278.6,319.67,1.33,LOW,40,1,2
KALYANKJIL.NS,HOLD,nan,weak_trend,49.69,-8.0,0.0,,0.0,nan,,,nan,nan,0,ELEVATED,40,1,2
SAMMAANCAP.NS,SELL,nan,downtrend,57.3,-1.45,0.0,,0.0,nan,,,nan,nan,0,ELEVATED,66,2,1
USHAMART.NS,HOLD,nan,weak_trend,51.14,-4.37,0.0,,0.0,nan,,,nan,nan,0,ELEVATED,40,0,3
INFY.NS,HOLD,nan,weak_trend,40.29,-39.79,0.0,,0.0,nan,,,nan,nan,0,ELEVATED,40,0,3
HAVELLS.NS,SELL,nan,downtrend,35.15,-34.37,0.0,,0.0,nan,,,nan,nan,0,ELEVATED,77,1,2
OLECTRA.NS,SELL,nan,downtrend,61.38,8.76,0.0,,0.0,nan,,,nan,nan,0,ELEVATED,64,1,2
ZEEL.NS,SELL,nan,downtrend,38.88,-3.96,0.0,,0.0,nan,,,nan,nan,0,ELEVATED,75,1,2
WELSPUNLIV.NS,SELL,nan,downtrend,51.0,-4.35,0.0,,0.0,nan,,,nan,nan,0,ELEVATED,69,1,2
CHALET.NS,HOLD,nan,weak_trend,47.66,-28.71,0.0,,0.0,nan,,,nan,nan,0,ELEVATED,40,1,2
GODIGIT.NS,SELL,nan,downtrend,46.93,-1.52,0.0,,0.0,nan,,,nan,nan,0,ELEVATED,71,0,3
RHIM.NS,SELL,nan,downtrend,27.57,-23.63,0.0,,0.0,nan,,,nan,nan,0,ELEVATED,81,1,2
NEULANDLAB.NS,SELL,nan,downtrend,39.88,-356.31,0.0,,0.0,nan,,,nan,nan,0,ELEVATED,75,0,3
DEEPAKNTR.NS,SELL,nan,downtrend,29.17,-65.36,0.0,,0.0,nan,,,nan,nan,0,ELEVATED,80,1,2
COROMANDEL.NS,SELL,nan,downtrend,45.19,-77.25,0.0,,0.0,nan,,,nan,nan,0,ELEVATED,72,0,3
STARHEALTH.NS,HOLD,nan,weak_trend,58.34,-1.54,0.0,,0.0,nan,,,nan,nan,0,ELEVATED,40,1,2
ELGIEQUIP.NS,SELL,nan,downtrend,38.19,-6.58,0.0,,0.0,nan,,,nan,nan,0,ELEVATED,75,1,2
ARE&M.NS,SELL,672.45,downtrend,13.45,-36.9,771.32,,931.92,23.49,,,719.42,555.02,2.5,ELEVATED,88,1,2
JMFINANCIL.NS,SELL,nan,downtrend,54.52,-2.69,0.0,,0.0,nan,,,nan,nan,0,ELEVATED,67,2,1
FORTIS.NS,SELL,nan,downtrend,35.14,-23.27,0.0,,0.0,nan,,,nan,nan,0,ELEVATED,77,0,3
MOTILALOFS.NS,HOLD,nan,weak_trend,44.91,-26.37,0.0,,0.0,nan,,,nan,nan,0,ELEVATED,40,1,2
CGCL.NS,SELL,nan,downtrend,60.36,-0.74,0.0,,0.0,nan,,,nan,nan,0,ELEVATED,64,1,2
JBCHEPHARM.NS,SELL,nan,downtrend,47.63,27.49,0.0,,0.0,nan,,,nan,nan,0,ELEVATED,71,0,3
SOLARINDS.NS,SELL,nan,downtrend,13.43,-257.27,0.0,,0.0,nan,,,nan,nan,0,ELEVATED,88,0,3
ACMESOLAR.NS,HOLD,nan,weak_trend,70.75,7.53,0.0,,0.0,nan,,,nan,nan,0,ELEVATED,40,0,3
CERA.NS,SELL,nan,downtrend,53.36,-81.52,0.0,,0.0,nan,,,nan,nan,0,ELEVATED,68,1,2
DBREALTY.NS,SELL,nan,downtrend,37.17,-5.29,0.0,,0.0,nan,,,nan,nan,0,ELEVATED,76,1,2
GRANULES.NS,HOLD,nan,weak_trend,71.06,8.51,0.0,,0.0,nan,,,nan,nan,0,ELEVATED,40,1,2
ALOKINDS.NS,SELL,nan,downtrend,34.2,-0.63,0.0,,0.0,nan,,,nan,nan,0,ELEVATED,77,1,2
NBCC.NS,HOLD,nan,weak_trend,44.16,-3.76,0.0,,0.0,nan,,,nan,nan,0,ELEVATED,40,0,3
PERSISTENT.NS,SELL,nan,downtrend,56.06,-138.15,0.0,,0.0,nan,,,nan,nan,0,ELEVATED,66,2,1
IDFCFIRSTB.NS,HOLD,nan,weak_trend,36.39,-4.12,0.0,,0.0,nan,,,nan,nan,0,ELEVATED,40,1,2
WELCORP.NS,SELL,nan,downtrend,56.46,2.81,0.0,,0.0,nan,,,nan,nan,0,ELEVATED,66,2,1
AEGISVOPAK.NS,SELL,nan,downtrend,23.95,-11.31,0.0,,0.0,nan,,,nan,nan,0,ELEVATED,83,0,3
GUJGASLTD.NS,SELL,nan,downtrend,22.24,-20.91,0.0,,0.0,nan,,,nan,nan,0,ELEVATED,83,0,3
GRAPHITE.NS,HOLD,nan,weak_trend,52.85,-16.64,0.0,,0.0,nan,,,nan,nan,0,ELEVATED,40,1,2
AWL.NS,SELL,nan,downtrend,58.24,-4.55,0.0,,0.0,nan,,,nan,nan,0,ELEVATED,65,1,2
JSWINFRA.NS,SELL,240.8,downtrend,35.19,-3.27,254.59,,288.19,9.3,,,259.39,194.32,2.5,LOW,77,0,3
RRKABEL.NS,SELL,1293.4,downtrend,29.15,-35.86,1418.46,,1360.28,57.49,,,1408.37,1005.97,2.5,ELEVATED,80,0,3
IGL.NS,SELL,nan,downtrend,40.98,-5.17,0.0,,0.0,nan,,,nan,nan,0,ELEVATED,74,0,3
HDFCAMC.NS,SELL,nan,downtrend,40.33,-84.91,0.0,,0.0,nan,,,nan,nan,0,ELEVATED,74,1,2
REDINGTON.NS,SELL,nan,downtrend,34.58,-13.51,0.0,,0.0,nan,,,nan,nan,0,ELEVATED,77,0,3
PCBL.NS,SELL,nan,downtrend,44.56,-11.65,0.0,,0.0,nan,,,nan,nan,0,ELEVATED,72,0,3
POLYMED.NS,HOLD,nan,weak_trend,40.32,-41.0,0.0,,0.0,nan,,,nan,nan,0,ELEVATED,40,0,3
PAYTM.NS,HOLD,nan,weak_trend,46.31,-30.13,0.0,,0.0,nan,,,nan,nan,0,ELEVATED,40,0,3
LICHSGFIN.NS,HOLD,nan,weak_trend,52.2,-8.71,0.0,,0.0,nan,,,nan,nan,0,ELEVATED,40,1,2
CGPOWER.NS,SELL,nan,downtrend,42.16,-1.64,0.0,,0.0,nan,,,nan,nan,0,ELEVATED,73,1,2
NIVABUPA.NS,HOLD,nan,weak_trend,49.75,-1.55,0.0,,0.0,nan,,,nan,nan,0,ELEVATED,40,0,3
HAPPSTMNDS.NS,SELL,nan,downtrend,62.16,2.45,0.0,,0.0,nan,,,nan,nan,0,ELEVATED,63,1,2
BLS.NS,SELL,nan,downtrend,51.82,-7.19,0.0,,0.0,nan,,,nan,nan,0,ELEVATED,69,1,2
CHOICEIN.NS,HOLD,nan,weak_trend,48.08,-32.79,0.0,,0.0,nan,,,nan,nan,0,ELEVATED,40,0,3
HONAUT.NS,SELL,nan,downtrend,30.31,-1059.72,0.0,,0.0,nan,,,nan,nan,0,ELEVATED,79,0,3
GPIL.NS,SELL,nan,downtrend,61.07,2.15,0.0,,0.0,nan,,,nan,nan,0,ELEVATED,64,1,2
ZENTEC.NS,SELL,nan,downtrend,37.71,6.63,0.0,,0.0,nan,,,nan,nan,0,ELEVATED,76,0,3
OBEROIRLTY.NS,HOLD,nan,weak_trend,48.2,-20.0,0.0,,0.0,nan,,,nan,nan,0,ELEVATED,40,1,2
UTIAMC.NS,HOLD,nan,weak_trend,47.35,-26.14,0.0,,0.0,nan,,,nan,nan,0,ELEVATED,40,1,2
BSOFT.NS,SELL,nan,downtrend,35.79,-14.66,0.0,,0.0,nan,,,nan,nan,0,ELEVATED,77,1,2
NH.NS,SELL,nan,downtrend,34.04,-41.39,0.0,,0.0,nan,,,nan,nan,0,ELEVATED,77,0,3
DLF.NS,SELL,nan,downtrend,35.23,-25.94,0.0,,0.0,nan,,,nan,nan,0,ELEVATED,77,0,3
FSL.NS,SELL,nan,downtrend,50.87,-10.54,0.0,,0.0,nan,,,nan,nan,0,ELEVATED,69,1,2
BATAINDIA.NS,SELL,nan,downtrend,27.76,-48.61,0.0,,0.0,nan,,,nan,nan,0,ELEVATED,81,0,3
AFCONS.NS,SELL,nan,downtrend,54.12,-10.52,0.0,,0.0,nan,,,nan,nan,0,ELEVATED,67,1,2
FINCABLES.NS,SELL,nan,downtrend,26.86,-1.75,0.0,,0.0,nan,,,nan,nan,0,ELEVATED,81,0,3
JUBLINGREA.NS,SELL,nan,downtrend,54.75,-12.17,0.0,,0.0,nan,,,nan,nan,0,ELEVATED,67,1,2
JPPOWER.NS,SELL,nan,downtrend,58.56,0.07,0.0,,0.0,nan,,,nan,nan,0,ELEVATED,65,1,2
ENDURANCE.NS,SELL,nan,downtrend,36.59,-69.31,0.0,,0.0,nan,,,nan,nan,0,ELEVATED,76,0,3
METROPOLIS.NS,SELL,nan,downtrend,41.68,-8.7,0.0,,0.0,nan,,,nan,nan,0,ELEVATED,74,0,3
UBL.NS,SELL,nan,downtrend,19.0,-5.59,0.0,,0.0,nan,,,nan,nan,0,ELEVATED,85,1,2
WHIRLPOOL.NS,SELL,nan,downtrend,37.03,-21.67,0.0,,0.0,nan,,,nan,nan,0,ELEVATED,76,1,2
SIEMENS.NS,SELL,nan,downtrend,39.37,-38.53,0.0,,0.0,nan,,,nan,nan,0,ELEVATED,75,0,3
ITCHOTELS.NS,SELL,137.87,downtrend,28.79,-9.41,156.34,,208.28,7.16,,,152.18,102.09,2.5,LOW,80,0,3
MSUMI.NS,SELL,nan,downtrend,35.98,-1.54,0.0,,0.0,nan,,,nan,nan,0,ELEVATED,77,0,3
NAVA.NS,HOLD,nan,weak_trend,51.31,-2.89,0.0,,0.0,nan,,,nan,nan,0,ELEVATED,40,0,3
PRAJIND.NS,SELL,nan,downtrend,52.93,1.95,0.0,,0.0,nan,,,nan,nan,0,ELEVATED,68,1,2
CRAFTSMAN.NS,SELL,nan,downtrend,42.07,-214.91,0.0,,0.0,nan,,,nan,nan,0,ELEVATED,73,0,3
JUBLPHARMA.NS,SELL,nan,downtrend,56.56,-16.36,0.0,,0.0,nan,,,nan,nan,0,ELEVATED,66,2,1
ZFCVINDIA.NS,SELL,nan,downtrend,43.49,-383.9,0.0,,0.0,nan,,,nan,nan,0,ELEVATED,73,1,2
DIVISLAB.NS,SELL,nan,downtrend,30.08,-70.86,0.0,,0.0,nan,,,nan,nan,0,ELEVATED,79,1,2
TIINDIA.NS,SELL,nan,downtrend,47.44,5.35,0.0,,0.0,nan,,,nan,nan,0,ELEVATED,71,0,3
NAM-INDIA.NS,SELL,nan,downtrend,49.74,-16.81,0.0,,0.0,nan,,,nan,nan,0,ELEVATED,70,1,2
TARIL.NS,SELL,254.35,downtrend,42.14,-3.85,283.66,,391.89,15.53,,,285.4,176.73,2.5,NORMAL,73,0,3
GSPL.NS,SELL,nan,downtrend,26.31,-16.63,0.0,,0.0,nan,,,nan,nan,0,ELEVATED,81,0,3
HBLENGINE.NS,HOLD,614.8,weak_trend,43.36,-23.7,661.03,,773.96,31.04,,,568.24,676.89,1.33,ELEVATED,40,1,2
IPCALAB.NS,HOLD,nan,weak_trend,72.16,20.71,0.0,,0.0,nan,,,nan,nan,0,ELEVATED,40,1,2
NEWGEN.NS,HOLD,nan,weak_trend,35.33,-32.79,0.0,,0.0,nan,,,nan,nan,0,ELEVATED,40,0,3
SYRMA.NS,SELL,nan,downtrend,65.3,-0.35,0.0,,0.0,nan,,,nan,nan,0,ELEVATED,62,1,2
CENTURYPLY.NS,SELL,nan,downtrend,55.17,-19.08,0.0,,0.0,nan,,,nan,nan,0,ELEVATED,67,1,2
JKCEMENT.NS,SELL,nan,downtrend,51.22,-144.07,0.0,,0.0,nan,,,nan,nan,0,ELEVATED,69,2,1
BASF.NS,SELL,nan,downtrend,48.72,-80.51,0.0,,0.0,nan,,,nan,nan,0,ELEVATED,70,1,2
JBMA.NS,SELL,nan,downtrend,56.43,-0.62,0.0,,0.0,nan,,,nan,nan,0,ELEVATED,66,1,2
GODREJIND.NS,SELL,nan,downtrend,22.64,-52.65,0.0,,0.0,nan,,,nan,nan,0,ELEVATED,83,1,2
TRIDENT.NS,SELL,nan,downtrend,54.8,-0.33,0.0,,0.0,nan,,,nan,nan,0,ELEVATED,67,1,2
TBOTEK.NS,HOLD,nan,weak_trend,38.31,-75.87,0.0,,0.0,nan,,,nan,nan,0,ELEVATED,40,0,3
ASAHIINDIA.NS,HOLD,nan,weak_trend,46.19,-29.1,0.0,,0.0,nan,,,nan,nan,0,ELEVATED,40,0,3
CAMS.NS,HOLD,nan,weak_trend,46.4,-17.67,0.0,,0.0,nan,,,nan,nan,0,ELEVATED,40,1,2
ASTRAZEN.NS,SELL,nan,downtrend,29.19,-147.4,0.0,,0.0,nan,,,nan,nan,0,ELEVATED,80,1,2
DELHIVERY.NS,SELL,nan,downtrend,56.14,-0.43,0.0,,0.0,nan,,,nan,nan,0,ELEVATED,66,1,2
ACE.NS,SELL,nan,downtrend,35.01,-21.2,0.0,,0.0,nan,,,nan,nan,0,ELEVATED,77,1,2
THERMAX.NS,HOLD,nan,weak_trend,59.9,46.73,0.0,,0.0,nan,,,nan,nan,0,ELEVATED,40,1,2
BIOCON.NS,SELL,nan,downtrend,39.43,-2.67,0.0,,0.0,nan,,,nan,nan,0,ELEVATED,75,0,3
ASTERDM.NS,HOLD,nan,weak_trend,52.7,6.84,0.0,,0.0,nan,,,nan,nan,0,ELEVATED,40,0,3
ONESOURCE.NS,SELL,nan,downtrend,41.03,9.33,0.0,,0.0,nan,,,nan,nan,0,ELEVATED,74,1,2
PVRINOX.NS,SELL,918.6,downtrend,31.58,-22.25,992.18,,1050.41,35.94,,,990.47,738.92,2.5,ELEVATED,79,1,2
AUROPHARMA.NS,SELL,nan,downtrend,64.3,27.25,0.0,,0.0,nan,,,nan,nan,0,ELEVATED,62,2,1
CREDITACC.NS,SELL,nan,downtrend,52.47,-29.47,0.0,,0.0,nan,,,nan,nan,0,ELEVATED,68,1,2
POONAWALLA.NS,SELL,nan,downtrend,38.01,-16.9,0.0,,0.0,nan,,,nan,nan,0,ELEVATED,75,0,3
MAHSEAMLES.NS,SELL,nan,downtrend,56.82,5.63,0.0,,0.0,nan,,,nan,nan,0,ELEVATED,66,2,1
MAPMYINDIA.NS,HOLD,nan,weak_trend,30.73,-84.99,0.0,,0.0,nan,,,nan,nan,0,ELEVATED,40,0,3
BHEL.NS,HOLD,nan,weak_trend,49.67,-1.29,0.0,,0.0,nan,,,nan,nan,0,ELEVATED,40,1,2
LALPATHLAB.NS,SELL,nan,downtrend,41.6,-22.06,0.0,,0.0,nan,,,nan,nan,0,ELEVATED,74,1,2
KIRLOSENG.NS,SELL,nan,downtrend,37.15,4.73,0.0,,0.0,nan,,,nan,nan,0,ELEVATED,76,0,3
HFCL.NS,HOLD,nan,weak_trend,55.28,0.27,0.0,,0.0,nan,,,nan,nan,0,ELEVATED,40,0,3
CHAMBLFERT.NS,HOLD,nan,weak_trend,53.01,-5.91,0.0,,0.0,nan,,,nan,nan,0,ELEVATED,40,1,2
BAJAJHLDNG.NS,SELL,nan,downtrend,29.39,-417.3,0.0,,0.0,nan,,,nan,nan,0,ELEVATED,80,1,2
POWERINDIA.NS,SELL,nan,downtrend,45.91,611.04,0.0,,0.0,nan,,,nan,nan,0,ELEVATED,72,0,3
TRIVENI.NS,SELL,nan,downtrend,55.21,-0.47,0.0,,0.0,nan,,,nan,nan,0,ELEVATED,67,1,2
ELECON.NS,SELL,nan,downtrend,34.47,-11.4,0.0,,0.0,nan,,,nan,nan,0,ELEVATED,77,0,3
EMCURE.NS,HOLD,1595.5,weak_trend,56.38,28.5,1506.77,,1407.75,65.16,,,1497.75,1725.83,1.33,ELEVATED,40,2,1
BALRAMCHIN.NS,HOLD,nan,weak_trend,51.48,8.1,0.0,,0.0,nan,,,nan,nan,0,ELEVATED,40,0,3
FIRSTCRY.NS,SELL,nan,downtrend,55.77,-4.21,0.0,,0.0,nan,,,nan,nan,0,ELEVATED,67,1,2
GODREJPROP.NS,SELL,nan,downtrend,36.0,-63.26,0.0,,0.0,nan,,,nan,nan,0,ELEVATED,77,0,3
SAREGAMA.NS,HOLD,nan,weak_trend,53.61,-0.64,0.0,,0.0,nan,,,nan,nan,0,ELEVATED,40,0,3
AFFLE.NS,SELL,nan,downtrend,56.09,-41.39,0.0,,0.0,nan,,,nan,nan,0,ELEVATED,66,2,1
BHARTIHEXA.NS,HOLD,nan,weak_trend,38.37,-23.04,0.0,,0.0,nan,,,nan,nan,0,ELEVATED,40,0,3
NATCOPHARM.NS,SELL,nan,downtrend,45.58,12.72,0.0,,0.0,nan,,,nan,nan,0,ELEVATED,72,0,3
SAILIFE.NS,SELL,nan,downtrend,42.55,15.88,0.0,,0.0,nan,,,nan,nan,0,ELEVATED,73,0,3
ABREL.NS,HOLD,nan,weak_trend,43.41,-50.38,0.0,,0.0,nan,,,nan,nan,0,ELEVATED,40,0,3
CUMMINSIND.NS,SELL,nan,downtrend,47.66,20.9,0.0,,0.0,nan,,,nan,nan,0,ELEVATED,71,1,2
AMBER.NS,SELL,nan,downtrend,37.46,-194.36,0.0,,0.0,nan,,,nan,nan,0,ELEVATED,76,0,3
UNOMINDA.NS,HOLD,nan,weak_trend,45.72,-33.01,0.0,,0.0,nan,,,nan,nan,0,ELEVATED,40,0,3
GRAVITA.NS,SELL,nan,downtrend,39.15,-58.83,0.0,,0.0,nan,,,nan,nan,0,ELEVATED,75,1,2
RADICO.NS,SELL,nan,downtrend,43.56,-32.06,0.0,,0.0,nan,,,nan,nan,0,ELEVATED,73,0,3
SWANCORP.NS,SELL,nan,downtrend,36.4,-21.04,0.0,,0.0,nan,,,nan,nan,0,ELEVATED,76,1,2
LAURUSLABS.NS,HOLD,nan,weak_trend,48.08,-8.95,0.0,,0.0,nan,,,nan,nan,0,ELEVATED,40,0,3
PRESTIGE.NS,SELL,nan,downtrend,32.97,-67.75,0.0,,0.0,nan,,,nan,nan,0,ELEVATED,78,1,2
APARINDS.NS,SELL,nan,downtrend,57.31,110.24,0.0,,0.0,nan,,,nan,nan,0,ELEVATED,66,1,2
COHANCE.NS,SELL,301.45,downtrend,63.82,-9.69,297.24,,697.5,13.55,,,328.56,233.68,2.5,NORMAL,63,1,2
MAHSCOOTER.NS,SELL,nan,downtrend,33.05,-374.91,0.0,,0.0,nan,,,nan,nan,0,ELEVATED,78,0,3
RELINFRA.NS,SELL,nan,downtrend,20.15,-9.99,0.0,,0.0,nan,,,nan,nan,0,ELEVATED,84,1,2
CUB.NS,SELL,nan,downtrend,54.12,-8.84,0.0,,0.0,nan,,,nan,nan,0,ELEVATED,67,1,2
GVT&D.NS,SELL,nan,downtrend,49.18,32.88,0.0,,0.0,nan,,,nan,nan,0,ELEVATED,70,1,2
SIGNATURE.NS,SELL,nan,downtrend,25.86,-55.27,0.0,,0.0,nan,,,nan,nan,0,ELEVATED,82,0,3
TEJASNET.NS,SELL,nan,downtrend,46.34,9.64,0.0,,0.0,nan,,,nan,nan,0,ELEVATED,71,0,3
JTLIND.NS,SELL,40.8,downtrend,26.47,-4.34,51.94,,68.07,3.23,,,47.26,24.65,2.5,LOW,81,1,2
PVP.NS,HOLD,nan,weak_trend,40.0,-1.09,0.0,,0.0,nan,,,nan,nan,0,ELEVATED,40,0,3
RICOAUTO.NS,SELL,nan,downtrend,49.75,-4.27,0.0,,0.0,nan,,,nan,nan,0,ELEVATED,70,0,3
EQUITASBNK.NS,HOLD,nan,weak_trend,38.84,-2.45,0.0,,0.0,nan,,,nan,nan,0,ELEVATED,40,1,2
